ScenarioTime,FrameRate,A VR Pos,A VR Rot,A XR Origin Pos,A XR Origin  Rot,A car Pos,A car Rot,A accel,A steering,A velocity,A indicators,A Horn Button,0 car Pos,0 car Rot,0 accel,0 steering,0 velocity,0 indicators
0.0,0.015673,"(-34.86564254760742, 1.2084753513336182, -0.8654484748840332)","(331.3605041503906, 20.007410049438477, 346.2323303222656)","(-34.921390533447266, 0.7516253590583801, -0.7430428862571716)","(0.00121510517783463, 102.66210174560547, 0.00027297192718833685)","(-35.0, -0.003922483883798122, -1.399999976158142)","(0.0012453892268240452, 90.00003051757812, -1.823857331828549e-08)",0.0,0.043274,"(-0.000002, 0.000156, 0.000000)",LeftFalse_RightFalse,False,"(1.3997812271118164, -0.0038757524453103542, -35.000267028808594)","(0.0013731489889323711, 0.006567608565092087, -0.00031235668575391173)",0.0,0.0,"(-0.000004, -0.000279, -0.000015)",LeftFalse_RightFalse
0.088501,0.030244,"(-34.85709762573242, 1.2064080238342285, -0.8723427057266235)","(334.82733154296875, 27.538881301879883, 345.0707092285156)","(-34.92144012451172, 0.7516331672668457, -0.7430391311645508)","(0.0012170535046607256, 102.66012573242188, 0.0002576822880655527)","(-35.000030517578125, -0.003914852160960436, -1.3999987840652466)","(0.0012439385754987597, 89.99806213378906, -1.5363077181973495e-05)",0.0,0.043274,"(-0.000122, 0.000043, 0.000004)",LeftFalse_RightFalse,False,"(1.3997817039489746, -0.003895991947501898, -35.000267028808594)","(0.0009787901071831584, 0.006567612290382385, -0.00018552373512648046)",-7.8e-05,-0.13837,"(-0.000002, -0.000189, -0.000008)",LeftFalse_RightFalse
0.203491,0.0472,"(-34.847415924072266, 1.1999255418777466, -0.8818960189819336)","(342.2767639160156, 39.26081466674805, 346.40185546875)","(-34.92147445678711, 0.7516336441040039, -0.7430378198623657)","(0.0009178734035231173, 102.66035461425781, 0.0002106244646711275)","(-35.00006103515625, -0.003914535976946354, -1.3999974727630615)","(0.0009417196270078421, 89.99829864501953, 4.303938112570904e-06)",0.0,0.043274,"(0.000325, -0.000018, -0.000012)",LeftFalse_RightFalse,False,"(1.3997822999954224, -0.003910930827260017, -35.00026321411133)","(0.0007522393716499209, 0.006567795295268297, -9.516683348920196e-05)",0.00066,-0.056292,"(-0.000001, -0.000092, -0.000003)",LeftFalse_RightFalse
0.31665,0.060389,"(-34.8405876159668, 1.1901532411575317, -0.8948345184326172)","(349.8717041015625, 52.486351013183594, 349.23736572265625)","(-34.92154312133789, 0.7516313791275024, -0.7430344223976135)","(0.0009513608529232442, 102.65888214111328, 0.00019659016106743366)","(-35.00011444091797, -0.00391701515763998, -1.3999958038330078)","(0.000971316359937191, 89.99681091308594, -1.6729616618249565e-05)",0.007143,0.043274,"(-0.001348, -0.000020, 0.000043)",LeftFalse_RightFalse,False,"(1.3997790813446045, -0.003917877562344074, -35.00019836425781)","(0.0004910683492198586, 0.0057802521623671055, -8.062102278927341e-05)",-0.001164,-0.055055,"(-0.000052, -0.000038, 0.000949)",LeftFalse_RightFalse
0.422119,0.069399,"(-34.835838317871094, 1.1860499382019043, -0.9059252738952637)","(352.0391845703125, 61.7736930847168, 351.0542907714844)","(-34.92144775390625, 0.7516294717788696, -0.7430388331413269)","(0.0005173558602109551, 102.66156005859375, 0.00013678468530997634)","(-35.00004196166992, -0.0039191278629004955, -1.3999969959259033)","(0.0005347570404410362, 89.99949645996094, 2.005354326684028e-05)",0.065802,0.043274,"(0.002907, -0.000019, -0.000076)",LeftFalse_RightFalse,False,"(1.3997843265533447, -0.003920360933989286, -35.00031280517578)","(0.0006888163625262678, 0.005461191758513451, -1.906410398078151e-05)",0.007691,-0.053893,"(-0.000003, -0.000018, -0.000001)",LeftFalse_RightFalse
0.528564,0.076808,"(-34.83013916015625, 1.1834132671356201, -0.915866494178772)","(353.7357482910156, 68.75240325927734, 353.7538757324219)","(-34.9202766418457, 0.7516278624534607, -0.7430651187896729)","(-0.001874814392067492, 102.66376495361328, -0.00025305268354713917)","(-34.99886703491211, -0.0039223311468958855, -1.4000221490859985)","(-0.0018846880411729217, 90.00170135498047, 0.00016406156646553427)",0.143595,0.043274,"(0.017206, -0.000039, -0.000321)",LeftFalse_RightFalse,False,"(1.3997751474380493, -0.0039218817837536335, -35.000091552734375)","(0.00014559461851604283, 0.0066193630918860435, -7.938249473227188e-05)",0.038347,-0.052795,"(-0.000042, -0.000013, 0.001418)",LeftFalse_RightFalse
0.635986,0.082934,"(-34.82090377807617, 1.1811718940734863, -0.9347499012947083)","(356.00048828125, 75.02237701416016, 356.7314453125)","(-34.91611862182617, 0.7516257166862488, -0.7431468963623047)","(359.9925537109375, 102.66879272460938, -0.0012244927929714322)","(-34.99468994140625, -0.003929094411432743, -1.4001007080078125)","(359.9924621582031, 90.00672149658203, 0.0004393969720695168)",0.222203,0.043274,"(0.059824, -0.000080, -0.001100)",LeftFalse_RightFalse,False,"(1.3997530937194824, -0.00392347015440464, -34.999237060546875)","(-0.0010248388862237334, 0.006299854256212711, -0.00012164670624770224)",0.139462,-0.051815,"(-0.000285, -0.000018, 0.012750)",LeftFalse_RightFalse
0.743042,0.087759,"(-34.810420989990234, 1.1801499128341675, -0.9457497596740723)","(357.2535400390625, 77.55432891845703, 357.3154602050781)","(-34.907108306884766, 0.7516219615936279, -0.7433164715766907)","(359.9844665527344, 102.67622375488281, -0.0026386950630694628)","(-34.98565673828125, -0.003939648158848286, -1.4002652168273926)","(359.9842834472656, 90.01415252685547, 0.000829251017421484)",0.297247,0.040649,"(0.109810, -0.000115, -0.001951)",LeftFalse_RightFalse,False,"(1.3996803760528564, -0.003927653189748526, -34.99609375)","(-0.005565808620303869, 0.003943935967981815, -0.00040011468809098005)",0.213483,-0.051181,"(-0.000901, -0.000063, 0.043330)",LeftFalse_RightFalse
0.849487,0.091492,"(-34.79277038574219, 1.180165410041809, -0.9537581205368042)","(357.7747497558594, 79.57843780517578, 357.8647766113281)","(-34.89107131958008, 0.7516173720359802, -0.7436037659645081)","(359.97418212890625, 102.68909454345703, -0.004517329391092062)","(-34.96963119506836, -0.0039536128751933575, -1.4005404710769653)","(359.97381591796875, 90.02703094482422, 0.0012514846166595817)",0.366739,0.016846,"(0.181212, -0.000144, -0.003076)",LeftFalse_RightFalse,False,"(1.3995082378387451, -0.0039373161271214485, -34.98816680908203)","(359.9860534667969, -0.004015359096229076, -0.0008776964386925101)",0.308103,-0.050844,"(-0.001950, -0.000111, 0.094087)",LeftFalse_RightFalse
0.959106,0.09513,"(-34.766944885253906, 1.180190086364746, -0.9595734477043152)","(357.8426513671875, 80.21968841552734, 357.61773681640625)","(-34.86515426635742, 0.7516254186630249, -0.7438351511955261)","(359.96319580078125, 102.69741821289062, 359.9921875)","(-34.94365692138672, -0.00397044513374567, -1.400749921798706)","(359.9623718261719, 90.03536224365234, 0.00044558485387824476)",0.429283,-0.020935,"(0.282927, -0.000154, -0.002110)",LeftFalse_RightFalse,False,"(1.3991708755493164, -0.0039524901658296585, -34.97233581542969)","(359.9742736816406, 359.9806213378906, -0.0015478037530556321)",0.413478,-0.049761,"(-0.003864, -0.000153, 0.184038)",LeftFalse_RightFalse
1.068848,0.09804,"(-34.730552673339844, 1.180227518081665, -0.9664673209190369)","(358.00738525390625, 80.34048461914062, 358.04412841796875)","(-34.82840347290039, 0.751654326915741, -0.7436636686325073)","(359.9530029296875, 102.68807983398438, 359.9871520996094)","(-34.906654357910156, -0.00398716377094388, -1.4005560874938965)","(359.95135498046875, 90.0260009765625, -0.0022274344228208065)",0.486353,-0.047485,"(0.382607, -0.000151, 0.002839)",LeftFalse_RightFalse,False,"(1.3986284732818604, -0.00397098483517766, -34.94638442993164)","(359.9609069824219, 359.9578552246094, -0.002245948649942875)",0.492887,-0.049255,"(-0.005800, -0.000181, 0.280099)",LeftFalse_RightFalse
1.179443,0.100547,"(-34.67917251586914, 1.181577205657959, -0.9691935777664185)","(357.32952880859375, 81.1252212524414, 357.1653137207031)","(-34.77853012084961, 0.7516887187957764, -0.742768406867981)","(359.943115234375, 102.64936828613281, 359.9817199707031)","(-34.85619354248047, -0.004003611393272877, -1.399672031402588)","(359.94049072265625, 89.98729705810547, -0.005362261552363634)",0.537716,-0.064331,"(0.517677, -0.000144, 0.009681)",LeftFalse_RightFalse,False,"(1.3978068828582764, -0.0039920685812830925, -34.90703582763672)","(359.946533203125, 359.92413330078125, -0.003033345565199852)",0.580803,-0.048972,"(-0.008753, -0.000192, 0.418487)",LeftFalse_RightFalse
1.289063,0.102357,"(-34.6148796081543, 1.1827110052108765, -0.9686772227287292)","(356.80743408203125, 81.70761108398438, 357.21075439453125)","(-34.71525955200195, 0.7517162561416626, -0.7411264181137085)","(359.93402099609375, 102.58261108398438, 359.97705078125)","(-34.79202651977539, -0.004018905106931925, -1.3980860710144043)","(359.93060302734375, 89.9205322265625, 359.9920654296875)",0.583943,-0.068512,"(0.641798, -0.000136, 0.016838)",LeftFalse_RightFalse,False,"(1.3966565132141113, -0.004013328347355127, -34.85300827026367)","(359.93243408203125, 359.8783874511719, -0.003910183906555176)",0.645639,-0.048883,"(-0.011887, -0.000195, 0.554419)",LeftFalse_RightFalse
1.397339,0.103558,"(-34.53681564331055, 1.183803677558899, -0.9661550521850586)","(356.5178527832031, 82.60221099853516, 357.19287109375)","(-34.63748550415039, 0.7517296075820923, -0.7387542128562927)","(359.9252014160156, 102.49127197265625, 359.97369384765625)","(-34.71308135986328, -0.004033459350466728, -1.395817518234253)","(359.9212646484375, 89.82919311523438, 359.99072265625)",0.625547,-0.066956,"(0.803414, -0.000132, 0.023818)",LeftFalse_RightFalse,False,"(1.395100474357605, -0.004034392535686493, -34.782371520996094)","(359.91876220703125, 359.81890869140625, -0.004901285283267498)",0.716403,-0.048987,"(-0.016469, -0.000190, 0.735682)",LeftFalse_RightFalse
1.502686,0.103921,"(-34.44520568847656, 1.1853671073913574, -0.9620676040649414)","(355.65087890625, 83.9710693359375, 358.2284851074219)","(-34.546443939208984, 0.7517307996749878, -0.7358394861221313)","(359.9171447753906, 102.38548278808594, 359.9715576171875)","(-34.62071990966797, -0.004047136753797531, -1.3930366039276123)","(359.9129333496094, 89.7234115600586, 359.99041748046875)",0.662991,-0.058167,"(0.947532, -0.000129, 0.029116)",LeftFalse_RightFalse,False,"(1.3931043148040771, -0.004053850658237934, -34.69585418701172)","(359.9063415527344, 359.74615478515625, 359.9939880371094)",0.768108,-0.050016,"(-0.021261, -0.000186, 0.903559)",LeftFalse_RightFalse
1.609375,0.104465,"(-34.335750579833984, 1.1864027976989746, -0.9573922753334045)","(355.2616271972656, 84.93628692626953, 358.9045104980469)","(-34.43761444091797, 0.7517157196998596, -0.7324715256690979)","(359.9090576171875, 102.2726821899414, 359.9708557128906)","(-34.5104866027832, -0.0040609221905469894, -1.3898268938064575)","(359.9048767089844, 89.61060333251953, 359.9914855957031)",0.69669,-0.044342,"(1.100323, -0.000131, 0.032125)",LeftFalse_RightFalse,False,"(1.3904578685760498, -0.004073483869433403, -34.588661193847656)","(359.8943786621094, 359.6545715332031, 359.99249267578125)",0.815703,-0.049947,"(-0.027375, -0.000185, 1.083779)",LeftFalse_RightFalse
1.720215,0.105739,"(-34.201377868652344, 1.186396837234497, -0.951157808303833)","(355.0887451171875, 85.25076293945312, 359.7139587402344)","(-34.30525588989258, 0.7516822218894958, -0.7288531064987183)","(359.90069580078125, 102.16602325439453, 359.97161865234375)","(-34.376800537109375, -0.004075467586517334, -1.386376142501831)","(359.8968811035156, 89.50393676757812, 359.99407958984375)",0.72702,-0.04718,"(1.292837, -0.000131, 0.033346)",LeftFalse_RightFalse,False,"(1.386915922164917, -0.004093813244253397, -34.45453643798828)","(359.8827819824219, 359.5397033691406, 359.9909362792969)",0.86784,-0.058965,"(-0.035749, -0.000181, 1.313747)",LeftFalse_RightFalse
1.829224,0.106388,"(-34.05132293701172, 1.186417818069458, -0.9456605911254883)","(354.9811096191406, 85.09872436523438, 359.91033935546875)","(-34.155826568603516, 0.751696765422821, -0.7245936393737793)","(359.8941345214844, 102.04708862304688, 359.9684143066406)","(-34.225914001464844, -0.0040899524465203285, -1.3822404146194458)","(359.8897705078125, 89.38500213623047, 359.99237060546875)",0.754316,-0.063171,"(1.459783, -0.000136, 0.041320)",LeftFalse_RightFalse,False,"(1.3821055889129639, -0.004113714210689068, -34.29914474487305)","(359.8722229003906, 359.38970947265625, 359.9866638183594)",0.904504,-0.086306,"(-0.049453, -0.000186, 1.517925)",LeftFalse_RightFalse
1.937134,0.106697,"(-33.88324737548828, 1.1854268312454224, -0.939421534538269)","(355.0843200683594, 84.81217956542969, 359.98968505859375)","(-33.988365173339844, 0.7517728805541992, -0.7186122536659241)","(359.88922119140625, 101.87637329101562, 359.9599609375)","(-34.05640411376953, -0.0041047073900699615, -1.3763694763183594)","(359.8831481933594, 89.21428680419922, 359.9852294921875)",0.778883,-0.066162,"(1.666945, -0.000139, 0.061734)",LeftFalse_RightFalse,False,"(1.374420166015625, -0.004133950918912888, -34.12062454223633)","(359.8624572753906, 359.1460266113281, 359.97479248046875)",0.943762,-0.104224,"(-0.082987, -0.000192, 1.772732)",LeftFalse_RightFalse
2.0448,0.106895,"(-33.69483184814453, 1.1854655742645264, -0.9337731599807739)","(355.0934753417969, 84.69083404541016, 359.4554443359375)","(-33.80144500732422, 0.7518176436424255, -0.7109099626541138)","(359.88421630859375, 101.66796875, 359.9542236328125)","(-33.86701202392578, -0.004119959659874439, -1.368849515914917)","(359.87701416015625, 89.00586700439453, 359.980712890625)",0.800993,-0.065735,"(1.845336, -0.000146, 0.076574)",LeftFalse_RightFalse,False,"(1.3633922338485718, -0.004154897760599852, -33.917442321777344)","(359.8534240722656, 358.8074645996094, 359.9632873535156)",0.971861,-0.114838,"(-0.116560, -0.000200, 1.994720)",LeftFalse_RightFalse
2.152832,0.107127,"(-33.4847526550293, 1.185489296913147, -0.925180971622467)","(354.8741455078125, 84.5084457397461, 359.5166320800781)","(-33.59306716918945, 0.7518393993377686, -0.7014580368995667)","(359.87896728515625, 101.43209075927734, 359.95037841796875)","(-33.655845642089844, -0.0041360268369317055, -1.3596258163452148)","(359.87103271484375, 88.76998901367188, 359.9781188964844)",0.820892,-0.061737,"(2.065624, -0.000154, 0.094522)",LeftFalse_RightFalse,False,"(1.3482826948165894, -0.004176945425570011, -33.687225341796875)","(359.8447570800781, 358.3695983886719, 359.9527282714844)",1.0,-0.118383,"(-0.160158, -0.000213, 2.269844)",LeftFalse_RightFalse
2.262207,0.10756,"(-33.2501106262207, 1.1855003833770752, -0.9136148691177368)","(354.84649658203125, 84.33161163330078, 359.3719177246094)","(-33.360374450683594, 0.7518423199653625, -0.690168023109436)","(359.8736267089844, 101.17797088623047, 359.94805908203125)","(-33.42015838623047, -0.004153328016400337, -1.3485913276672363)","(359.8653259277344, 88.515869140625, 359.9770202636719)",0.838802,-0.054565,"(2.253847, -0.000163, 0.108765)",LeftFalse_RightFalse,False,"(1.3286370038986206, -0.00420074537396431, -33.42668151855469)","(359.8366394042969, 357.8484191894531, 359.944580078125)",1.0,-0.117733,"(-0.199710, -0.000227, 2.506359)",LeftFalse_RightFalse
2.373047,0.108214,"(-32.99000549316406, 1.1854946613311768, -0.9000777006149292)","(354.62628173828125, 84.37252044677734, 359.2396240234375)","(-33.10122299194336, 0.7518238425254822, -0.6771287322044373)","(359.8680419921875, 100.92224884033203, 359.94744873046875)","(-33.15799331665039, -0.004171938169747591, -1.3358185291290283)","(359.8597106933594, 88.26013946533203, 359.9776611328125)",0.85492,-0.049316,"(2.484713, -0.000177, 0.124841)",LeftFalse_RightFalse,False,"(1.3038054704666138, -0.004226031247526407, -33.13373947143555)","(359.8296203613281, 357.2554931640625, 359.9376525878906)",1.0,-0.108423,"(-0.250823, -0.000230, 2.789462)",LeftFalse_RightFalse
2.484009,0.108764,"(-32.705650329589844, 1.185491681098938, -0.8847513198852539)","(354.3775329589844, 84.21548461914062, 359.3693542480469)","(-32.81781005859375, 0.7518113851547241, -0.6622949838638306)","(359.8629150390625, 100.66877746582031, 359.9462890625)","(-32.87159729003906, -0.0041917599737644196, -1.3212268352508545)","(359.8544616699219, 88.00667572021484, 359.9776306152344)",0.869426,-0.048767,"(2.680588, -0.000184, 0.139741)",LeftFalse_RightFalse,False,"(1.27390718460083, -0.0042512682266533375, -32.811363220214844)","(359.82421875, 356.6299743652344, 359.9341735839844)",1.0,-0.09911,"(-0.290907, -0.000229, 3.025107)",LeftFalse_RightFalse
2.590454,0.108308,"(-32.41006088256836, 1.1855031251907349, -0.8679917454719543)","(354.20513916015625, 84.07901000976562, 359.3086242675781)","(-32.523155212402344, 0.7518224716186523, -0.6460087299346924)","(359.858642578125, 100.4189682006836, 359.9430847167969)","(-32.574005126953125, -0.004211942199617624, -1.3051377534866333)","(359.849609375, 87.75686645507812, 359.9754638671875)",0.882482,-0.048767,"(2.918997, -0.000195, 0.164150)",LeftFalse_RightFalse,False,"(1.2405070066452026, -0.004275591112673283, -32.474876403808594)","(359.8202209472656, 356.02996826171875, 359.9327697753906)",1.0,-0.078406,"(-0.343053, -0.000228, 3.306279)",LeftFalse_RightFalse
2.705566,0.109661,"(-32.065185546875, 1.1855252981185913, -0.8470292687416077)","(354.35748291015625, 84.03947448730469, 359.367431640625)","(-32.179359436035156, 0.7518513798713684, -0.625586986541748)","(359.854736328125, 100.13045501708984, 359.93817138671875)","(-32.226829528808594, -0.004234952386468649, -1.2849087715148926)","(359.8446960449219, 87.46834564208984, 359.97149658203125)",0.894233,-0.047974,"(3.120139, -0.000205, 0.187945)",LeftFalse_RightFalse,False,"(1.1994755268096924, -0.004302444867789745, -32.08123016357422)","(359.816650390625, 355.4215087890625, 359.9364318847656)",1.0,-0.039941,"(-0.375941, -0.000240, 3.540966)",LeftFalse_RightFalse
2.816528,0.10994,"(-31.70609474182129, 1.185548186302185, -0.8238251209259033)","(354.32635498046875, 83.82628631591797, 359.4776916503906)","(-31.8223934173584, 0.7518787980079651, -0.6027694344520569)","(359.85113525390625, 99.83407592773438, 359.9333190917969)","(-31.866392135620117, -0.004258653149008751, -1.2622731924057007)","(359.84014892578125, 87.17195892333984, 359.96759033203125)",0.904026,-0.043518,"(3.364143, -0.000222, 0.219227)",LeftFalse_RightFalse,False,"(1.1578805446624756, -0.00432994868606329, -31.671756744384766)","(359.81353759765625, 355.0093688964844, 359.9567565917969)",1.0,0.006597,"(-0.388189, -0.000254, 3.823905)",LeftFalse_RightFalse
2.928345,0.110304,"(-31.320268630981445, 1.1855530738830566, -0.7961275577545166)","(354.3751525878906, 83.56604766845703, 359.48651123046875)","(-31.437870025634766, 0.7518824338912964, -0.5766744017601013)","(359.84735107421875, 99.53150177001953, 359.930419921875)","(-31.478330612182617, -0.00428379001095891, -1.236371636390686)","(359.8358154296875, 86.869384765625, 359.965576171875)",0.91245,-0.036713,"(3.569335, -0.000231, 0.243890)",LeftFalse_RightFalse,False,"(1.1164844036102295, -0.004359078127890825, -31.23042106628418)","(359.8108215332031, 354.8518371582031, 359.9895935058594)",1.0,0.025196,"(-0.367692, -0.000266, 4.060229)",LeftFalse_RightFalse
3.043457,0.111275,"(-30.895668029785156, 1.1855323314666748, -0.7656027674674988)","(354.3530578613281, 83.43055725097656, 359.4927062988281)","(-31.014347076416016, 0.7518504858016968, -0.5467537045478821)","(359.8430480957031, 99.24085235595703, 359.93035888671875)","(-31.05140495300293, -0.004311182536184788, -1.2066562175750732)","(359.8315734863281, 86.57874298095703, 359.9664611816406)",0.915345,-0.030609,"(3.817274, -0.000243, 0.271679)",LeftFalse_RightFalse,False,"(1.0754358768463135, -0.004390590358525515, -30.744871139526367)","(359.80828857421875, 354.94708251953125, 0.017870260402560234)",1.0,0.021228,"(-0.356478, -0.000282, 4.340596)",LeftFalse_RightFalse
3.159058,0.112142,"(-30.441722869873047, 1.185503602027893, -0.7319185137748718)","(354.2082824707031, 83.4996109008789, 359.4366455078125)","(-30.561384201049805, 0.7518085837364197, -0.5136305093765259)","(359.83905029296875, 98.97601318359375, 359.93109130859375)","(-30.595340728759766, -0.004339934326708317, -1.1737148761749268)","(359.8278503417969, 86.31389617919922, 359.9680480957031)",0.906621,-0.024353,"(4.064486, -0.000253, 0.299751)",LeftFalse_RightFalse,False,"(1.0336254835128784, -0.004424082115292549, -30.22654151916504)","(359.8057556152344, 355.1258850097656, 0.026177823543548584)",1.0,0.01826,"(-0.366608, -0.000298, 4.617671)",LeftFalse_RightFalse
3.274658,0.112816,"(-29.960020065307617, 1.1854654550552368, -0.6979305744171143)","(354.03399658203125, 83.6737289428711, 359.177734375)","(-30.08123016357422, 0.7517561316490173, -0.4775127172470093)","(359.8359069824219, 98.74343872070312, 359.9327697753906)","(-30.112468719482422, -0.004369262605905533, -1.1377577781677246)","(359.8251647949219, 86.0813217163086, 359.9703674316406)",0.888614,-0.018097,"(4.306667, -0.000255, 0.326478)",LeftFalse_RightFalse,False,"(0.9906267523765564, -0.0044595845974981785, -29.677988052368164)","(359.8033142089844, 355.3099365234375, 0.027266761288046837)",1.0,0.027166,"(-0.377264, -0.000317, 4.892662)",LeftFalse_RightFalse
3.387695,0.112875,"(-29.462194442749023, 1.185417652130127, -0.6617959141731262)","(353.915283203125, 83.48663330078125, 359.04107666015625)","(-29.5849666595459, 0.7516923546791077, -0.4394010901451111)","(359.833984375, 98.55255126953125, 359.9356689453125)","(-29.61398696899414, -0.0043976036831736565, -1.099787950515747)","(359.82391357421875, 85.89043426513672, 359.9736022949219)",0.864204,-0.012573,"(4.501468, -0.000246, 0.346044)",LeftFalse_RightFalse,False,"(0.9485208988189697, -0.0044299159198999405, -29.111265182495117)","(359.80096435546875, 355.5260925292969, 0.03468690440058708)",1.0,0.03088,"(-0.369168, 0.001156, 5.121402)",LeftFalse_RightFalse
3.507935,0.114339,"(-28.906179428100586, 1.185354471206665, -0.6196630597114563)","(353.75823974609375, 83.0282974243164, 358.89544677734375)","(-29.030433654785156, 0.7516096830368042, -0.39634352922439575)","(359.83355712890625, 98.39929962158203, 359.9403381347656)","(-29.05769157409668, -0.004426119849085808, -1.0568674802780151)","(359.8245544433594, 85.7371826171875, 359.978271484375)",0.83286,-0.007111,"(4.723859, -0.000230, 0.367455)",LeftFalse_RightFalse,False,"(0.9051716923713684, -0.004409585613757372, -28.4770450592041)","(359.7987060546875, 355.82855224609375, 0.046009477227926254)",1.0,0.025722,"(-0.355997, -0.000311, 5.393804)",LeftFalse_RightFalse
3.625732,0.11502,"(-28.337234497070312, 1.1852811574935913, -0.577147364616394)","(353.5715637207031, 82.56830596923828, 358.607666015625)","(-28.461585998535156, 0.75152188539505, -0.35190969705581665)","(359.8346862792969, 98.29634857177734, 359.94586181640625)","(-28.487682342529297, -0.004452015273272991, -1.0125514268875122)","(359.82684326171875, 85.63422393798828, 359.9833984375)",0.795604,-0.002411,"(4.931991, -0.000211, 0.385243)",LeftFalse_RightFalse,False,"(0.8634822368621826, -0.0044719260185956955, -27.82412338256836)","(359.7965393066406, 356.1344299316406, 0.0495467409491539)",1.0,0.030276,"(-0.351150, -0.000612, 5.663286)",LeftFalse_RightFalse
3.738037,0.114477,"(-27.771549224853516, 1.1853071451187134, -0.5341836214065552)","(353.53082275390625, 82.41259002685547, 358.3548278808594)","(-27.89708137512207, 0.7515302300453186, -0.3078395128250122)","(359.8370056152344, 98.24138641357422, 359.951904296875)","(-27.922584533691406, -0.004376939497888088, -0.9685807228088379)","(359.8304138183594, 85.57926177978516, 359.9888000488281)",0.751755,0.006897,"(5.123503, 0.000590, 0.399244)",LeftFalse_RightFalse,False,"(0.8253323435783386, -0.00454042199999094, -27.17247200012207)","(359.7945251464844, 356.4486083984375, 0.056698814034461975)",1.0,0.038456,"(-0.330378, -0.000588, 5.930762)",LeftFalse_RightFalse
3.848999,0.113775,"(-27.193382263183594, 1.1852327585220337, -0.4910256862640381)","(353.70452880859375, 82.58906555175781, 358.3793029785156)","(-27.319801330566406, 0.7514245510101318, -0.26358306407928467)","(359.8398742675781, 98.24946594238281, 359.9621887207031)","(-27.345455169677734, -0.0043682074174284935, -0.9244493842124939)","(359.8354797363281, 85.58735656738281, -0.0017963270656764507)",0.701975,0.024506,"(5.267682, -0.000230, 0.399066)",LeftFalse_RightFalse,False,"(0.7907208204269409, -0.004601592663675547, -26.501195907592773)","(359.79266357421875, 356.82647705078125, 0.07011722773313522)",1.0,0.04862,"(-0.298429, -0.000522, 6.151849)",LeftFalse_RightFalse
3.961304,0.113496,"(-26.590763092041016, 1.1850186586380005, -0.44806987047195435)","(353.65277099609375, 82.85673522949219, 358.5299377441406)","(-26.716644287109375, 0.7511390447616577, -0.22046434879302979)","(359.8422546386719, 98.39579010009766, 359.9837951660156)","(-26.74405860900879, -0.0044084214605391026, -0.8815402984619141)","(359.842529296875, 85.7336654663086, 0.018765315413475037)",0.643681,0.050903,"(5.419663, -0.000389, 0.374715)",LeftFalse_RightFalse,False,"(0.7609457969665527, -0.004656306467950344, -25.793624877929688)","(359.7909240722656, 357.3293762207031, 0.09148740023374557)",1.0,0.040365,"(-0.241678, -0.000466, 6.414449)",LeftFalse_RightFalse
4.072388,0.113015,"(-25.978303909301758, 1.18471360206604, -0.411700040102005)","(353.6390075683594, 83.538818359375, 358.7221984863281)","(-26.103702545166016, 0.7507113814353943, -0.18241530656814575)","(359.8434143066406, 98.7441177368164, 0.017774393782019615)","(-26.13521957397461, -0.004447134677320719, -0.8437528014183044)","(359.8511047363281, 86.08200073242188, 0.0516684390604496)",0.584075,0.074707,"(5.546664, -0.000289, 0.314629)",LeftFalse_RightFalse,False,"(0.7361412048339844, -0.0047063096426427364, -25.067306518554688)","(359.7891845703125, 357.8596496582031, 0.1015070304274559)",0.666511,0.062676,"(-0.200451, -0.000438, 6.673823)",LeftFalse_RightFalse
4.191162,0.114167,"(-25.309415817260742, 1.1843434572219849, -0.38037049770355225)","(353.58782958984375, 84.28043365478516, 358.74053955078125)","(-25.43234634399414, 0.7501878142356873, -0.1500430703163147)","(359.8445129394531, 99.37400817871094, 0.06106191873550415)","(-25.471240997314453, -0.004474344197660685, -0.8115543127059937)","(359.8616943359375, 86.71190643310547, 0.09365823864936829)",0.525667,0.099701,"(5.646617, -0.000160, 0.227497)",LeftFalse_RightFalse,False,"(0.7179063558578491, -0.004746302030980587, -24.26793098449707)","(359.80218505859375, 358.52825927734375, 0.1277123987674713)",0.02544,0.05667,"(-0.101268, -0.000162, 6.795948)",LeftFalse_RightFalse
4.300781,0.113254,"(-24.680234909057617, 1.183972716331482, -0.3638899624347687)","(353.4600524902344, 84.9574966430664, 358.84124755859375)","(-24.800701141357422, 0.749648928642273, -0.1309373378753662)","(359.8453063964844, 100.2025375366211, 0.10688372701406479)","(-24.849275588989258, -0.00448689516633749, -0.79240882396698)","(359.87249755859375, 87.54045104980469, 0.1381916105747223)",0.473101,0.13269,"(5.706824, -0.000075, 0.125717)",LeftFalse_RightFalse,False,"(0.7100241184234619, -0.00473776925355196, -23.5289306640625)","(359.8482971191406, 359.2196960449219, 0.14299526810646057)",-0.135622,0.088098,"(-0.038758, 0.000416, 6.674824)",LeftFalse_RightFalse
4.412842,0.113014,"(-24.029571533203125, 1.184545874595642, -0.36191850900650024)","(353.29876708984375, 86.075439453125, 359.1957702636719)","(-24.145339965820312, 0.7489413619041443, -0.12701427936553955)","(359.844482421875, 101.37213134765625, 0.1679990440607071)","(-24.207555770874023, -0.004489488434046507, -0.7881467342376709)","(359.8851013183594, 88.71009063720703, 0.19800309836864471)",0.425791,0.17511,"(5.749974, 0.000008, -0.040079)",LeftFalse_RightFalse,False,"(0.7137681245803833, -0.004652836360037327, -22.79735565185547)","(359.927001953125, 0.05134961009025574, 0.17513629794120789)",0.115044,0.108362,"(0.102937, 0.001068, 6.371161)",LeftFalse_RightFalse
4.534058,0.114651,"(-23.320825576782227, 1.1839334964752197, -0.3848094344139099)","(352.90875244140625, 87.75390625, 359.3251647949219)","(-23.42848014831543, 0.7480325698852539, -0.1463857889175415)","(359.8411560058594, 103.05583190917969, 0.24692806601524353)","(-23.51028823852539, -0.004483771976083517, -0.8064247369766235)","(359.8991394042969, 90.39385986328125, 0.27574247121810913)",0.383212,0.215637,"(5.759737, 0.000057, -0.262563)",LeftFalse_RightFalse,False,"(0.7350733876228333, -0.004531051963567734, -22.033397674560547)","(359.9801940917969, 1.188383936882019, 0.21592383086681366)",0.113085,0.083984,"(0.252737, 0.000764, 6.236318)",LeftFalse_RightFalse
4.648193,0.114558,"(-22.65013885498047, 1.1843624114990234, -0.4364902377128601)","(352.904541015625, 89.73439025878906, 359.0989685058594)","(-22.7488956451416, 0.7470866441726685, -0.19294416904449463)","(359.8362731933594, 105.07234191894531, 0.3292296528816223)","(-22.854101181030273, -0.0044728536158800125, -0.850754976272583)","(359.91241455078125, 92.41047668457031, 0.3571103811264038)",0.34489,0.248688,"(5.737686, 0.000087, -0.489151)",LeftFalse_RightFalse,False,"(0.7678941488265991, -0.004468091297894716, -21.327117919921875)","(359.9906005859375, 2.2710113525390625, 0.22150228917598724)",0.006127,0.075477,"(0.324089, 0.000370, 6.138254)",LeftFalse_RightFalse
4.759521,0.113896,"(-21.999755859375, 1.1837406158447266, -0.5177420377731323)","(352.80780029296875, 91.86168670654297, 358.9413757324219)","(-22.087095260620117, 0.746147096157074, -0.2701346278190613)","(359.8314514160156, 107.44229125976562, 0.411215215921402)","(-22.219676971435547, -0.004457779228687286, -0.9240761995315552)","(359.9256896972656, 94.78054809570312, 0.4381595849990845)",0.310401,0.274414,"(5.677188, 0.000116, -0.784594)",LeftFalse_RightFalse,False,"(0.8086879253387451, -0.0044393884018063545, -20.6536865234375)","(-0.0049516912549734116, 3.172849655151367, 0.20983555912971497)",0.018935,0.061629,"(0.406815, 0.000219, 5.979190)",LeftFalse_RightFalse
4.873047,0.11382,"(-21.34175682067871, 1.1832157373428345, -0.6350930333137512)","(352.7445983886719, 94.40531921386719, 358.5941467285156)","(-21.416988372802734, 0.7453434467315674, -0.38283294439315796)","(359.82830810546875, 110.14823150634766, 0.4817298352718353)","(-21.580575942993164, -0.0044402796775102615, -1.0306665897369385)","(359.9380798339844, 97.48660278320312, 0.5076486468315125)",0.279361,0.294891,"(5.582306, 0.000130, -1.094647)",LeftFalse_RightFalse,False,"(0.8578407764434814, -0.0044165113940835, -19.98308753967285)","(-0.0010238526156172156, 3.947779893875122, 0.1890670210123062)",0.036802,0.049203,"(0.467980, 0.000195, 5.827824)",LeftFalse_RightFalse
4.986572,0.113765,"(-20.695453643798828, 1.1838456392288208, -0.7873364686965942)","(352.7033386230469, 96.76380920410156, 358.2432556152344)","(-20.756471633911133, 0.7447004318237305, -0.5314201712608337)","(359.8270263671875, 113.07011413574219, 0.5386196970939636)","(-20.953147888183594, -0.004421574994921684, -1.170763373374939)","(359.9493103027344, 100.40860748291016, 0.5634336471557617)",0.251425,0.304047,"(5.474900, 0.000143, -1.361077)",LeftFalse_RightFalse,False,"(0.9127478003501892, -0.004395537078380585, -19.3280029296875)","(9.271323506254703e-05, 4.577211856842041, 0.16272176802158356)",-0.004593,0.030837,"(0.503716, 0.000179, 5.711623)",LeftFalse_RightFalse
5.099609,0.113628,"(-20.06625747680664, 1.1845728158950806, -0.9730690717697144)","(352.4147644042969, 99.14884185791016, 358.0871276855469)","(-20.112768173217773, 0.7442626357078552, -0.7150173187255859)","(359.82855224609375, 116.11833953857422, 0.5781307220458984)","(-20.34341049194336, -0.004402223043143749, -1.3434518575668335)","(359.9594421386719, 103.45692443847656, 0.6016532778739929)",0.226283,0.302856,"(5.322718, 0.000156, -1.665596)",LeftFalse_RightFalse,False,"(0.9701736569404602, -0.004374895244836807, -18.691205978393555)","(0.0018729158909991384, 5.023026943206787, 0.12759830057621002)",0.029404,0.026094,"(0.519050, 0.000204, 5.559475)",LeftTrue_RightFalse
5.213989,0.113785,"(-19.447126388549805, 1.1844390630722046, -1.1927567720413208)","(352.6094970703125, 101.93400573730469, 358.110595703125)","(-19.479291915893555, 0.7440942525863647, -0.9341018199920654)","(359.8331604003906, 119.21722412109375, 0.5947422981262207)","(-19.743728637695312, -0.00438316073268652, -1.5493087768554688)","(359.96759033203125, 106.55584716796875, 0.6168472766876221)",0.203654,0.285706,"(5.153906, 0.000158, -1.943705)",LeftFalse_RightFalse,False,"(1.0302480459213257, -0.004352356307208538, -18.062469482421875)","(0.002491295337677002, 5.350255966186523, 0.09923755377531052)",0.04312,0.021383,"(0.535794, 0.000185, 5.425577)",LeftTrue_RightFalse
5.328491,0.113916,"(-18.848281860351562, 1.1834386587142944, -1.442030906677246)","(352.9244689941406, 105.04454803466797, 358.4812927246094)","(-18.866010665893555, 0.7442402839660645, -1.182518720626831)","(359.84124755859375, 122.20525360107422, 0.5844748020172119)","(-19.162174224853516, -0.004366294480860233, -1.7829350233078003)","(359.9732360839844, 109.54386138916016, 0.6050556302070618)",0.183289,0.246887,"(5.013717, 0.000153, -2.138000)",LeftFalse_RightFalse,False,"(1.0918549299240112, -0.004333027638494968, -17.447649002075195)","(0.0007456320454366505, 5.607083320617676, 0.07722447067499161)",0.000874,0.012039,"(0.543534, 0.000156, 5.322211)",LeftTrue_RightFalse
5.438965,0.113237,"(-18.288055419921875, 1.183797836303711, -1.7030993700027466)","(352.6693115234375, 107.75082397460938, 358.6114501953125)","(-18.293977737426758, 0.7448031902313232, -1.4427061080932617)","(359.8543395996094, 124.78213500976562, 0.5385230779647827)","(-18.616634368896484, -0.004352989606559277, -2.0286097526550293)","(359.9759216308594, 112.12063598632812, 0.5573554039001465)",0.16496,0.196503,"(4.861991, 0.000142, -2.310169)",LeftFalse_RightFalse,False,"(1.1513261795043945, -0.004315411671996117, -16.86745262145996)","(0.0007877923198975623, 5.775854110717773, 0.05582715570926666)",0.034641,0.00364,"(0.537692, 0.000173, 5.186454)",LeftTrue_RightFalse
5.555786,0.113944,"(-17.71581268310547, 1.1843619346618652, -1.9920955896377563)","(352.77593994140625, 109.86714935302734, 359.1369323730469)","(-17.71025276184082, 0.7456862330436707, -1.731788158416748)","(359.871826171875, 127.07049560546875, 0.4652283191680908)","(-18.055648803710938, -0.004341462627053261, -2.3034393787384033)","(359.9768981933594, 114.40885162353516, 0.48201239109039307)",0.148464,0.136719,"(4.730947, 0.000128, -2.420813)",LeftFalse_RightFalse,False,"(1.2131556272506714, -0.004295687191188335, -16.268556594848633)","(0.0006301260436885059, 5.871237754821777, 0.03545747324824333)",0.041183,-0.006392,"(0.525174, 0.000159, 5.067143)",LeftTrue_RightFalse
5.669678,0.113946,"(-17.17376136779785, 1.1850566864013672, -2.280365467071533)","(352.9502868652344, 110.94449615478516, 359.4090576171875)","(-17.15928840637207, 0.746772050857544, -2.0203537940979004)","(359.8922119140625, 128.78555297851562, 0.37446385622024536)","(-17.521100997924805, -0.004331610631197691, -2.5803186893463135)","(359.9769287109375, 116.12376403808594, 0.3889828622341156)",0.133618,0.069702,"(4.625445, 0.000120, -2.468216)",LeftFalse_RightFalse,False,"(1.2716087102890015, -0.004278895910829306, -15.69676399230957)","(-0.0008233851986005902, 5.87950325012207, 0.016502011567354202)",0.044702,-0.014962,"(0.503053, -0.001799, 4.954936)",LeftTrue_RightFalse
5.785034,0.114215,"(-16.638572692871094, 1.1858479976654053, -2.569695472717285)","(352.9814147949219, 111.56260681152344, 359.5643615722656)","(-16.618284225463867, 0.7480217814445496, -2.31119966506958)","(359.91571044921875, 129.93362426757812, 0.2696633040904999)","(-16.9905948638916, -0.004321704618632793, -2.862551689147949)","(359.97686767578125, 117.27169799804688, 0.28157880902290344)",0.120256,-0.015564,"(4.563485, 0.000118, -2.449275)",LeftFalse_RightFalse,False,"(1.3281316757202148, -0.004384950734674931, -15.13046646118164)","(-0.002238275483250618, 5.808858871459961, -3.749607640202157e-05)",0.006974,-0.023551,"(0.479804, -0.000203, 4.865222)",LeftTrue_RightFalse
5.901367,0.114652,"(-16.107173919677734, 1.1868488788604736, -2.8447256088256836)","(353.1077575683594, 110.2128677368164, 359.54339599609375)","(-16.086021423339844, 0.7496151924133301, -2.5915658473968506)","(359.94683837890625, 130.28341674804688, 0.13572552800178528)","(-16.46086311340332, -0.004310226999223232, -3.1390280723571777)","(359.9778747558594, 117.62137603759766, 0.14407749474048615)",0.10823,-0.098755,"(4.521048, 0.000128, -2.347129)",LeftFalse_RightFalse,False,"(1.381600260734558, -0.00436515174806118, -14.57148265838623)","(-0.0015747725265100598, 5.654314994812012, 359.9840393066406)",-1.0,-0.030634,"(0.445118, 0.000365, 4.746212)",LeftTrue_RightFalse
6.017578,0.114949,"(-15.583046913146973, 1.1878831386566162, -3.095679759979248)","(352.6446533203125, 107.71746063232422, 359.37646484375)","(-15.566256523132324, 0.751226007938385, -2.850766658782959)","(359.9800109863281, 129.8408660888672, 0.0003852003428619355)","(-15.936051368713379, -0.004295594058930874, -3.3994593620300293)","(359.9805908203125, 117.17882537841797, 0.0047567784786224365)",0.097407,-0.171722,"(4.498352, 0.000138, -2.178993)",LeftFalse_RightFalse,False,"(1.4261529445648193, -0.004222247749567032, -14.081802368164062)","(0.12231629341840744, 5.45890474319458, 359.9752197265625)",-0.777575,-0.037209,"(0.324499, 0.002240, 3.672251)",LeftTrue_RightFalse
6.130981,0.114643,"(-15.077994346618652, 1.1887000799179077, -3.319183349609375)","(351.9132385253906, 106.36035919189453, 0.031359314918518066)","(-15.0674467086792, 0.7525180578231812, -3.079564332962036)","(0.010852026753127575, 128.7422637939453, 359.8822937011719)","(-15.425995826721191, -0.00439495500177145, -3.6337759494781494)","(359.9847717285156, 116.08021545410156, 359.88275146484375)",0.087667,-0.218903,"(4.481214, -0.000181, -1.967774)",LeftFalse_RightFalse,False,"(1.4576778411865234, -0.00393177755177021, -13.711097717285156)","(0.2683156728744507, 5.265229225158691, 359.9720458984375)",-0.164236,-0.040243,"(0.228865, 0.002499, 2.807057)",LeftTrue_RightFalse
6.251099,0.11574,"(-14.547297477722168, 1.1895148754119873, -3.529634714126587)","(352.3286437988281, 105.23399353027344, 1.3243528604507446)","(-14.546815872192383, 0.7537215948104858, -3.2933456897735596)","(0.03835786506533623, 127.03716278076172, 359.781494140625)","(-14.888203620910645, -0.00437749782577157, -3.8566975593566895)","(359.9895324707031, 114.37518310546875, 359.7784118652344)",0.0789,-0.296722,"(4.461533, 0.000367, -1.736141)",LeftFalse_RightFalse,False,"(1.4831916093826294, -0.0037175824400037527, -13.387187957763672)","(0.2851613163948059, 5.066606521606445, 359.972900390625)",-0.641253,-0.042345,"(0.193944, 0.000662, 2.563338)",LeftTrue_RightFalse
6.370972,0.116559,"(-14.025582313537598, 1.1887654066085815, -3.706435441970825)","(352.4068603515625, 102.45838165283203, 1.387804388999939)","(-14.03551959991455, 0.754982590675354, -3.471531391143799)","(0.06887748092412949, 124.7840347290039, 359.6788330078125)","(-14.354052543640137, -0.004324960522353649, -4.0465216636657715)","(-0.0031977558974176645, 112.1221694946289, 359.6715393066406)",0.07101,-0.366303,"(4.442255, 0.000421, -1.424425)",LeftFalse_RightFalse,False,"(1.5033036470413208, -0.0036698486655950546, -13.11500358581543)","(0.2709651589393616, 4.887892246246338, 359.9789733886719)",-0.435581,-0.044629,"(0.133366, 0.000376, 1.874308)",LeftTrue_RightFalse
6.487793,0.116614,"(-13.521736145019531, 1.1884840726852417, -3.836653470993042)","(352.8510437011719, 98.31839752197266, 2.0726590156555176)","(-13.546365737915039, 0.7561489939689636, -3.605492115020752)","(0.09959729760885239, 122.02869415283203, 359.5841369628906)","(-13.836570739746094, -0.004273719619959593, -4.193848609924316)","(0.006020945031195879, 109.3669662475586, 359.5724182128906)",0.063909,-0.418915,"(4.412489, 0.000377, -1.124501)",LeftFalse_RightFalse,False,"(1.5169029235839844, -0.003631553379818797, -12.919504165649414)","(0.2732250690460205, 4.752625465393066, 359.9864196777344)",-0.364198,-0.0445,"(0.099598, 0.000234, 1.473520)",LeftTrue_RightFalse
6.610474,0.117829,"(-13.0061616897583, 1.189204216003418, -3.92515230178833)","(352.39752197265625, 94.06694030761719, 2.203315019607544)","(-13.044875144958496, 0.7571527361869812, -3.700742244720459)","(0.12872189283370972, 118.61213684082031, 359.50299072265625)","(-13.29932689666748, -0.004227219149470329, -4.304215431213379)","(0.016648558899760246, 105.9505615234375, 359.48687744140625)",0.057518,-0.470703,"(4.342977, 0.000297, -0.711264)",LeftFalse_RightFalse,False,"(1.5270459651947021, -0.003626136342063546, -12.76688289642334)","(0.24915844202041626, 4.644852161407471, 359.993408203125)",-0.064359,-0.045034,"(0.065527, -0.000102, 1.011378)",LeftTrue_RightFalse
6.729492,0.118074,"(-12.519303321838379, 1.1881062984466553, -3.9662277698516846)","(353.0098876953125, 89.6204833984375, 2.5195064544677734)","(-12.571107864379883, 0.757801353931427, -3.7513864040374756)","(0.14973674714565277, 114.99455261230469, 359.4512939453125)","(-12.78693962097168, -0.004190392792224884, -4.36897087097168)","(0.0258185975253582, 102.33306884765625, 359.4317932128906)",0.051766,-0.505432,"(4.267822, 0.000265, -0.398474)",LeftFalse_RightFalse,False,"(1.5344983339309692, -0.0036667115055024624, -12.650823593139648)","(0.19131667912006378, 4.562010765075684, -0.0031404762994498014)",-0.202416,-0.044975,"(0.059138, -0.000576, 0.934721)",LeftTrue_RightFalse
6.846069,0.117776,"(-12.06117057800293, 1.1874713897705078, -3.9627246856689453)","(353.65020751953125, 85.40614318847656, 1.6505454778671265)","(-12.122830390930176, 0.7582380175590515, -3.7604880332946777)","(0.1663365662097931, 111.19062805175781, 359.41729736328125)","(-12.297257423400879, -0.004158605355769396, -4.390528678894043)","(0.034564897418022156, 98.52921295166016, 359.39501953125)",0.04659,-0.528046,"(4.153334, 0.000238, -0.043175)",LeftFalse_RightFalse,False,"(1.5404306650161743, -0.003737386781722307, -12.55631160736084)","(0.14338043332099915, 4.494375705718994, -0.0008238411974161863)",0.144256,-0.045012,"(0.044175, -0.000517, 0.712764)",LeftTrue_RightFalse
6.960205,0.117041,"(-11.630821228027344, 1.188838243484497, -3.9207403659820557)","(352.3082580566406, 80.76005554199219, 2.554103374481201)","(-11.699812889099121, 0.7583875060081482, -3.734750270843506)","(0.17485715448856354, 107.36296844482422, 359.40728759765625)","(-11.83186149597168, -0.004132576286792755, -4.374868392944336)","(0.040681492537260056, 94.70158386230469, 359.38336181640625)",0.041931,-0.540649,"(4.017495, 0.000205, 0.283144)",LeftFalse_RightFalse,False,"(1.5455180406570435, -0.003802831284701824, -12.473245620727539)","(0.08963660895824432, 4.433885097503662, -0.0007886161911301315)",0.17701,-0.044953,"(0.044718, -0.000642, 0.737332)",LeftTrue_RightFalse
7.073853,0.116362,"(-11.216669082641602, 1.188865065574646, -3.853280782699585)","(351.6033020019531, 76.75444030761719, 2.5848913192749023)","(-11.294755935668945, 0.7583302855491638, -3.6786699295043945)","(0.1770230382680893, 103.53248596191406, 359.4143981933594)","(-11.383795738220215, -0.004111549351364374, -4.32626485824585)","(0.04435354471206665, 90.87108612060547, 359.38983154296875)",0.037738,-0.544678,"(3.865084, 0.000173, 0.577222)",LeftFalse_RightFalse,False,"(1.550689935684204, -0.0038761720061302185, -12.387202262878418)","(0.03815759718418121, 4.370825290679932, -0.0015377749223262072)",0.10762,-0.045052,"(0.045995, -0.000593, 0.772955)",LeftTrue_RightFalse
7.192017,0.116725,"(-10.803478240966797, 1.1887530088424683, -3.7563636302948)","(351.5759582519531, 73.1747055053711, 2.8080878257751465)","(-10.89140796661377, 0.7581136226654053, -3.5917930603027344)","(0.1739622801542282, 99.59505462646484, 359.4346618652344)","(-10.935773849487305, -0.004094358999282122, -4.244246482849121)","(0.04581301659345627, 86.93360900878906, 359.4102783203125)",0.033964,-0.544678,"(3.701813, 0.000140, 0.836780)",LeftFalse_RightFalse,False,"(1.5561389923095703, -0.00393317686393857, -12.294925689697266)","(0.005925286095589399, 4.3034348487854, -0.0020266680512577295)",0.071704,-0.04538,"(0.045954, -0.000332, 0.786716)",LeftTrue_RightFalse
7.302246,0.115423,"(-10.434906959533691, 1.1885795593261719, -3.643007516860962)","(351.6108093261719, 70.49920654296875, 3.233912944793701)","(-10.532086372375488, 0.7578299641609192, -3.487661600112915)","(0.1679874211549759, 96.00215911865234, 359.46014404296875)","(-10.535432815551758, -0.004081899765878916, -4.141958236694336)","(0.045566972345113754, 83.34065246582031, 359.43646240234375)",0.030568,-0.544678,"(3.559558, 0.000115, 1.029011)",LeftFalse_RightFalse,False,"(1.5611698627471924, -0.003958414774388075, -12.208036422729492)","(359.9931945800781, 4.239953517913818, -0.002232321770861745)",0.063252,-0.045359,"(0.045236, -0.000125, 0.788659)",LeftTrue_RightFalse
7.40979,0.113862,"(-10.092949867248535, 1.1873085498809814, -3.513805866241455)","(351.3033447265625, 67.99290466308594, 4.036326885223389)","(-10.197192192077637, 0.7575299143791199, -3.36712908744812)","(0.16101092100143433, 92.5787124633789, 359.4866943359375)","(-10.161384582519531, -0.004072051495313644, -4.020814895629883)","(0.0445827841758728, 79.91715240478516, 359.4638977050781)",0.043383,-0.544678,"(3.381888, 0.000100, 1.235538)",LeftFalse_RightFalse,False,"(1.5659921169281006, -0.003963765222579241, -12.12315845489502)","(359.989501953125, 4.177960395812988, -0.0022724787704646587)",0.062491,-0.045413,"(0.044276, 0.000015, 0.788241)",LeftTrue_RightFalse
7.523682,0.113851,"(-9.750016212463379, 1.187101125717163, -3.3599693775177)","(351.2735595703125, 64.4095230102539, 4.300187110900879)","(-9.860761642456055, 0.7572251558303833, -3.221290111541748)","(0.15294688940048218, 89.04707336425781, 359.5134582519531)","(-9.78464126586914, -0.004063456319272518, -3.871882438659668)","(0.04257921501994133, 76.38546752929688, 359.49176025390625)",0.103496,-0.543091,"(3.233627, 0.000079, 1.391264)",LeftFalse_RightFalse,False,"(1.570985198020935, -0.0039597321301698685, -12.033479690551758)","(359.9891662597656, 4.112443447113037, -0.0022825237829238176)",0.062754,-0.045438,"(0.043438, 0.000051, 0.787685)",LeftTrue_RightFalse
7.637451,0.113834,"(-9.423761367797852, 1.1869174242019653, -3.1899569034576416)","(351.0076599121094, 60.305816650390625, 4.617142200469971)","(-9.5415620803833, 0.7569642066955566, -3.0582938194274902)","(0.1423453837633133, 85.58815002441406, 359.5357360839844)","(-9.426163673400879, -0.004058859311044216, -3.703392505645752)","(0.037117745727300644, 72.92649841308594, 359.5158386230469)",0.182598,-0.535431,"(3.072813, 0.000022, 1.568372)",LeftFalse_RightFalse,False,"(1.575868844985962, -0.003953718114644289, -11.943904876708984)","(359.98974609375, 4.0469560623168945, -0.0022864998318254948)",0.063187,-0.04544,"(0.042446, 0.000050, 0.787108)",LeftTrue_RightFalse
7.751221,0.11383,"(-9.111563682556152, 1.1867482662200928, -3.0042483806610107)","(350.9314880371094, 56.69239807128906, 4.672240734100342)","(-9.236969947814941, 0.7567290663719177, -2.8789148330688477)","(0.12755227088928223, 82.19014739990234, 359.55462646484375)","(-9.083309173583984, -0.0040621086955070496, -3.516261100769043)","(0.02682279609143734, 69.52847290039062, 359.5374755859375)",0.261212,-0.51828,"(2.939152, -0.000061, 1.738040)",LeftFalse_RightFalse,False,"(1.5806492567062378, -0.0039489250630140305, -11.854347229003906)","(359.99029541015625, 3.981471061706543, -0.0022854129783809185)",0.06334,-0.045434,"(0.041470, 0.000032, 0.786677)",LeftTrue_RightFalse
7.874512,0.115718,"(-8.786766052246094, 1.1876317262649536, -2.786128520965576)","(350.5881042480469, 52.297882080078125, 4.366992950439453)","(-8.920084953308105, 0.7564753890037537, -2.666677951812744)","(0.10704488307237625, 78.59292602539062, 359.5736083984375)","(-8.726421356201172, -0.004075887147337198, -3.293320655822754)","(0.010978968814015388, 65.93120574951172, 359.5605163574219)",0.332355,-0.473511,"(2.836023, -0.000142, 1.901907)",LeftFalse_RightFalse,False,"(1.5857079029083252, -0.003945874981582165, -11.757396697998047)","(359.99066162109375, 3.910588026046753, -0.0022800008300691843)",0.063273,-0.04512,"(0.040502, 0.000017, 0.786304)",LeftTrue_RightFalse
7.993652,0.116395,"(-8.47839069366455, 1.1883591413497925, -2.5579328536987305)","(349.95843505859375, 48.280555725097656, 4.054314136505127)","(-8.620763778686523, 0.756097674369812, -2.4450085163116455)","(0.08077200502157211, 75.29271697998047, 359.60211181640625)","(-8.390913963317871, -0.004098647274076939, -3.0597403049468994)","(359.9915771484375, 62.630958557128906, 359.5940856933594)",0.399118,-0.415527,"(2.780024, -0.000213, 2.046490)",LeftFalse_RightFalse,False,"(1.5904875993728638, -0.003944397438317537, -11.663764953613281)","(359.9908142089844, 3.8424813747406006, -0.0022320346906781197)",0.063232,-0.045261,"(0.039627, 0.000007, 0.785917)",LeftTrue_RightFalse
8.111938,0.116772,"(-8.171494483947754, 1.1891446113586426, -2.3156394958496094)","(349.7889099121094, 44.12883377075195, 4.0610032081604)","(-8.324250221252441, 0.755617618560791, -2.2095324993133545)","(0.05113930255174637, 72.28759765625, 359.63861083984375)","(-8.061966896057129, -0.004128213971853256, -2.8117105960845947)","(359.9706726074219, 59.62577819824219, 359.6361999511719)",0.459205,-0.363861,"(2.762590, -0.000252, 2.179920)",LeftFalse_RightFalse,False,"(1.595120906829834, -0.0039438833482563496, -11.570831298828125)","(359.99090576171875, 3.7748641967773438, -0.0022494327276945114)",0.063211,-0.045219,"(0.038628, 0.000002, 0.785529)",LeftTrue_RightFalse
8.221558,0.115363,"(-7.886175155639648, 1.1888426542282104, -2.077699899673462)","(350.04754638671875, 41.45257568359375, 3.599031686782837)","(-8.046889305114746, 0.7552005648612976, -1.9771230220794678)","(0.025229237973690033, 69.75860595703125, 359.669921875)","(-7.757824420928955, -0.00415792316198349, -2.5674118995666504)","(359.9522705078125, 57.09674835205078, 359.67242431640625)",0.513283,-0.332764,"(2.768901, -0.000264, 2.290582)",LeftFalse_RightFalse,False,"(1.599318504333496, -0.0039435746148228645, -11.48465347290039)","(359.9909362792969, 3.7121527194976807, -0.002252686768770218)",0.063105,-0.045152,"(0.037837, -0.000001, 0.785207)",LeftTrue_RightFalse
8.333252,0.11463,"(-7.5902276039123535, 1.188604712486267, -1.8255200386047363)","(350.7044372558594, 39.451622009277344, 2.7277588844299316)","(-7.761061668395996, 0.7549060583114624, -1.725818157196045)","(0.003151865443214774, 67.39987182617188, 359.6907958984375)","(-7.44757080078125, -0.004188179038465023, -2.3038530349731445)","(359.935302734375, 54.73797607421875, 359.6976318359375)",0.561953,-0.320526,"(2.773490, -0.000256, 2.445014)",LeftFalse_RightFalse,False,"(1.6034951210021973, -0.0039435625076293945, -11.396966934204102)","(359.9909362792969, 3.648437261581421, -0.0022441085893660784)",0.063168,-0.045084,"(0.036897, 0.000000, 0.784796)",LeftTrue_RightFalse
8.444092,0.113852,"(-7.296340465545654, 1.1885322332382202, -1.5602777004241943)","(351.2537536621094, 37.692569732666016, 2.726055383682251)","(-7.47663688659668, 0.7548500299453735, -1.4599940776824951)","(359.9891357421875, 65.13981628417969, 359.69183349609375)","(-7.140420436859131, -0.00421586399897933, -2.025151252746582)","(359.9218444824219, 52.4779167175293, 359.70172119140625)",0.605756,-0.317719,"(2.769685, -0.000243, 2.593607)",LeftFalse_RightFalse,False,"(1.607539176940918, -0.003943651914596558, -11.310075759887695)","(359.9909362792969, 3.5853891372680664, -0.0022333187516778708)",0.063054,-0.044665,"(0.036119, 0.000000, 0.784477)",LeftTrue_RightFalse
8.560547,0.114387,"(-6.989368915557861, 1.1899068355560303, -1.2589298486709595)","(350.48968505859375, 35.05708312988281, 2.2379887104034424)","(-7.177960395812988, 0.7549591064453125, -1.1603221893310547)","(359.9798889160156, 62.75297164916992, 359.6789855957031)","(-6.81846809387207, -0.004242527298629284, -1.7107794284820557)","(359.9100341796875, 50.091087341308594, 359.69122314453125)",0.645179,-0.317719,"(2.754412, -0.000224, 2.793841)",LeftFalse_RightFalse,False,"(1.611701250076294, -0.00394362211227417, -11.218690872192383)","(359.990966796875, 3.5196070671081543, -0.0021717683412134647)",0.063071,-0.044787,"(0.035290, 0.000001, 0.784064)",LeftTrue_RightFalse
8.670776,0.113544,"(-6.702958583831787, 1.1911450624465942, -0.9492178559303284)","(350.5662536621094, 31.558944702148438, 1.8071043491363525)","(-6.897686004638672, 0.7551510334014893, -0.8565702438354492)","(359.9747314453125, 60.43568801879883, 359.6595764160156)","(-6.516298294067383, -0.004266201518476009, -1.3917841911315918)","(359.9007263183594, 47.773834228515625, 359.67340087890625)",0.679488,-0.31308,"(2.727808, -0.000219, 3.012225)",LeftFalse_RightFalse,False,"(1.6155383586883545, -0.003943623509258032, -11.13232707977295)","(359.990966796875, 3.457430601119995, -0.0021924444008618593)",0.063125,-0.044706,"(0.034314, 0.000001, 0.783670)",LeftTrue_RightFalse
8.779297,0.112537,"(-6.422332286834717, 1.1912671327590942, -0.623002827167511)","(350.81463623046875, 28.700393676757812, 1.5835963487625122)","(-6.624416351318359, 0.7553451657295227, -0.5365151762962341)","(359.9708557128906, 58.092071533203125, 359.6401062011719)","(-6.221554279327393, -0.00428936630487442, -1.0554393529891968)","(359.8926696777344, 45.43022918701172, 359.6552429199219)",0.704115,-0.286865,"(2.702122, -0.000224, 3.203227)",LeftFalse_RightFalse,False,"(1.6192240715026855, -0.0039436062797904015, -11.047306060791016)","(359.990966796875, 3.39625883102417, -0.002198360860347748)",0.063002,-0.045184,"(0.033550, 0.000000, 0.783361)",LeftTrue_RightFalse
8.892822,0.112751,"(-6.132235050201416, 1.1923152208328247, -0.25680238008499146)","(350.3822937011719, 25.961639404296875, 1.2504687309265137)","(-6.339285373687744, 0.7553838491439819, -0.17859333753585815)","(359.96337890625, 55.67107009887695, 359.6336669921875)","(-5.914828777313232, -0.0043152919970452785, -0.67991042137146)","(359.88397216796875, 43.009239196777344, 359.6506042480469)",0.701671,-0.240173,"(2.688042, -0.000236, 3.426798)",LeftFalse_RightFalse,False,"(1.6229732036590576, -0.0039435867220163345, -10.958335876464844)","(359.990966796875, 3.331770896911621, -0.0022754031233489513)",0.063025,-0.045717,"(0.032467, 0.000001, 0.782965)",LeftTrue_RightFalse
9.00415,0.11245,"(-5.848813533782959, 1.1921995878219604, 0.12693464756011963)","(350.34149169921875, 23.322336196899414, 1.2419997453689575)","(-6.058163166046143, 0.7551857233047485, 0.19470170140266418)","(359.9524230957031, 53.470054626464844, 359.6475524902344)","(-5.614540100097656, -0.004342248663306236, -0.29000532627105713)","(359.8763122558594, 40.80819320678711, 359.66656494140625)",0.670788,-0.204742,"(2.700207, -0.000237, 3.592987)",LeftFalse_RightFalse,False,"(1.6265292167663574, -0.003943643532693386, -10.871251106262207)","(359.990966796875, 3.2679762840270996, -0.0023565073497593403)",0.062908,-0.04603,"(0.031518, -0.000001, 0.782649)",LeftTrue_RightFalse
9.115479,0.112232,"(-5.5597639083862305, 1.1919758319854736, 0.5304858684539795)","(350.3414306640625, 21.03473472595215, 1.9816679954528809)","(-5.772843360900879, 0.7548574209213257, 0.5896653532981873)","(359.9421691894531, 51.5379524230957, 359.67303466796875)","(-5.312814712524414, -0.004367549903690815, 0.12001031637191772)","(359.8719177246094, 38.87605285644531, 359.69366455078125)",0.624342,-0.186523,"(2.703379, -0.000199, 3.778626)",LeftFalse_RightFalse,False,"(1.629976749420166, -0.003943643067032099, -10.78411865234375)","(359.990966796875, 3.203572988510132, -0.0023955050855875015)",0.062968,-0.04595,"(0.030456, 0.000001, 0.782241)",LeftTrue_RightFalse
9.229736,0.112634,"(-5.264711380004883, 1.1907696723937988, 0.9628986120223999)","(350.1743469238281, 19.070575714111328, 2.040952444076538)","(-5.479434967041016, 0.7546377182006836, 1.0152771472930908)","(359.938720703125, 49.74031066894531, 359.6901550292969)","(-5.00471830368042, -0.004387597553431988, 0.5601403117179871)","(359.872314453125, 37.07840347290039, 359.71112060546875)",0.571431,-0.183929,"(2.678419, -0.000133, 3.952544)",LeftFalse_RightFalse,False,"(1.6334095001220703, -0.003943532705307007, -10.694774627685547)","(359.9909973144531, 3.1375246047973633, -0.002353537129238248)",0.062965,-0.04647,"(0.029511, -0.000001, 0.781858)",LeftTrue_RightFalse
9.345459,0.113258,"(-4.96939754486084, 1.19071626663208, 1.4199613332748413)","(349.3617858886719, 17.170621871948242, 2.600032091140747)","(-5.185612678527832, 0.754579484462738, 1.4657511711120605)","(359.94268798828125, 48.000492095947266, 359.694580078125)","(-4.697296142578125, -0.004400049336254597, 1.025158405303955)","(359.87713623046875, 35.33858108520508, 359.7145690917969)",0.520637,-0.184082,"(2.629855, -0.000077, 4.087759)",LeftFalse_RightFalse,False,"(1.63676917552948, -0.003943480551242828, -10.604288101196289)","(359.9909973144531, 3.0701539516448975, -0.002388743916526437)",0.062795,-0.046634,"(0.028562, 0.000000, 0.781547)",LeftTrue_RightFalse
9.451904,0.111896,"(-4.705167293548584, 1.1907278299331665, 1.8558604717254639)","(349.5650329589844, 15.12292194366455, 2.774423360824585)","(-4.921894073486328, 0.7546116709709167, 1.8948254585266113)","(359.9510498046875, 46.409027099609375, 359.6922302246094)","(-4.421631336212158, -0.0044048503041267395, 1.4679110050201416)","(359.884765625, 33.74711608886719, 359.71044921875)",0.474129,-0.183929,"(2.547020, -0.000016, 4.233619)",LeftFalse_RightFalse,False,"(1.6397544145584106, -0.003943535964936018, -10.521114349365234)","(359.9909973144531, 3.007835626602173, -0.0023978936951607466)",0.062901,-0.045757,"(0.027535, 0.000000, 0.781128)",LeftTrue_RightFalse
9.559448,0.111014,"(-4.446999549865723, 1.1907516717910767, 2.3073699474334717)","(349.69586181640625, 13.092718124389648, 2.695061445236206)","(-4.6640472412109375, 0.754672110080719, 2.340949773788452)","(359.9609375, 44.792720794677734, 359.6879577636719)","(-4.152074337005615, -0.004404980223625898, 1.9282625913619995)","(359.89349365234375, 32.13081741333008, 359.7041015625)",0.430683,-0.183868,"(2.463052, 0.000013, 4.340464)",LeftFalse_RightFalse,False,"(1.6426924467086792, -0.003943532705307007, -10.43717098236084)","(359.9909973144531, 2.9456894397735596, -0.002250803867354989)",0.062795,-0.045463,"(0.026973, 0.000000, 0.780808)",LeftTrue_RightFalse
9.672852,0.111493,"(-4.186519622802734, 1.1908938884735107, 2.7966301441192627)","(349.72015380859375, 11.183890342712402, 2.6744940280914307)","(-4.403129577636719, 0.7548543214797974, 2.8237338066101074)","(359.972412109375, 43.078819274902344, 359.6816711425781)","(-3.879207134246826, -0.0043080151081085205, 2.4264895915985107)","(359.9032897949219, 30.416933059692383, 359.6954650878906)",0.391582,-0.183929,"(2.340677, 0.000820, 4.454004)",LeftFalse_RightFalse,False,"(1.6457090377807617, -0.003943593706935644, -10.348644256591797)","(359.9909973144531, 2.880869150161743, -0.002166317543014884)",0.062814,-0.04441,"(0.026120, 0.000000, 0.780403)",LeftTrue_RightFalse
9.78772,0.112182,"(-3.9348559379577637, 1.1909664869308472, 3.303722381591797)","(349.71246337890625, 9.473223686218262, 2.620968818664551)","(-4.15227746963501, 0.7549688816070557, 3.3241841793060303)","(359.9834899902344, 41.334407806396484, 359.6761474609375)","(-3.6166574954986572, -0.004269713535904884, 2.9430110454559326)","(359.91290283203125, 28.672529220581055, 359.6876220703125)",0.353614,-0.187683,"(2.230557, -0.000011, 4.533128)",LeftFalse_RightFalse,False,"(1.6486908197402954, -0.003943592309951782, -10.258964538574219)","(359.9909973144531, 2.816380500793457, -0.002024436369538307)",0.062657,-0.044499,"(0.025636, 0.000000, 0.780073)",LeftTrue_RightFalse
9.899414,0.112085,"(-3.705064535140991, 1.1909748315811157, 3.805194139480591)","(349.5802307128906, 7.9562296867370605, 2.649143934249878)","(-3.92307710647583, 0.7550137639045715, 3.819096088409424)","(359.9938659667969, 39.618438720703125, 359.67181396484375)","(-3.3764147758483887, -0.004286178387701511, 3.4540634155273438)","(359.9220886230469, 26.95656967163086, 359.68115234375)",0.318253,-0.197907,"(2.083581, -0.000192, 4.611427)",LeftFalse_RightFalse,False,"(1.6514978408813477, -0.003943517804145813, -10.171857833862305)","(359.9909973144531, 2.7540781497955322, -0.0020537255331873894)",0.062739,-0.053458,"(0.024702, 0.000000, 0.779642)",LeftTrue_RightFalse
10.012329,0.112245,"(-3.4888007640838623, 1.1910165548324585, 4.319796562194824)","(349.69439697265625, 6.181300640106201, 2.3928892612457275)","(-3.7080159187316895, 0.7551069855690002, 4.325859546661377)","(0.004894864279776812, 37.82766342163086, 359.6631774902344)","(-3.150393486022949, -0.004304526839405298, 3.9780428409576416)","(359.9309387207031, 25.165809631347656, 359.6702880859375)",0.286428,-0.210663,"(1.914742, -0.000119, 4.675357)",LeftFalse_RightFalse,False,"(1.6540123224258423, -0.003943294286727905, -10.083869934082031)","(359.99102783203125, 2.6815805435180664, -0.003407255047932267)",0.062879,-0.062992,"(0.021144, 0.000001, 0.779266)",LeftTrue_RightFalse
10.130249,0.11338,"(-3.2834088802337646, 1.1911035776138306, 4.862793922424316)","(350.0773620605469, 4.233089447021484, 1.9376291036605835)","(-3.503469944000244, 0.7552616596221924, 4.8604559898376465)","(0.016815725713968277, 35.86528778076172, 359.6501159667969)","(-2.934497356414795, -0.0043129995465278625, 4.531911373138428)","(359.939697265625, 23.203453063964844, 359.6549377441406)",0.257785,-0.21991,"(1.726922, -0.000023, 4.724342)",LeftFalse_RightFalse,False,"(1.6562092304229736, -0.003943383693695068, -9.991995811462402)","(359.9910583496094, 2.592761754989624, -0.004835748113691807)",0.062905,-0.063238,"(0.017146, -0.000001, 0.778926)",LeftTrue_RightFalse
10.246948,0.114037,"(-3.1021902561187744, 1.190142273902893, 5.403961658477783)","(350.2789306640625, 2.31683611869812, 1.5202314853668213)","(-3.322755813598633, 0.7554140090942383, 5.392905235290527)","(0.027693863958120346, 33.836402893066406, 359.63800048828125)","(-2.7427220344543457, -0.004311397671699524, 5.08467960357666)","(359.9476623535156, 21.17458724975586, 359.6407470703125)",0.232006,-0.220856,"(1.562135, 0.000037, 4.751943)",LeftFalse_RightFalse,False,"(1.6581366062164307, -0.00394340930506587, -9.901135444641113)","(359.9910583496094, 2.500575304031372, -0.004603481851518154)",0.062631,-0.063013,"(0.015898, 0.000001, 0.778662)",LeftTrue_RightFalse
10.356079,0.113073,"(-2.9523556232452393, 1.190029501914978, 5.911454677581787)","(350.1997375488281, 0.5987846851348877, 1.4798322916030884)","(-3.172457456588745, 0.7553201913833618, 5.8929266929626465)","(0.03488346189260483, 31.90473175048828, 359.63720703125)","(-2.582423210144043, -0.004422841127961874, 5.604352951049805)","(359.9544982910156, 19.242919921875, 359.63836669921875)",0.208806,-0.220856,"(1.379091, -0.000247, 4.764856)",LeftFalse_RightFalse,False,"(1.6598073244094849, -0.003943402785807848, -9.81611442565918)","(359.99102783203125, 2.4144160747528076, -0.0040273298509418964)",0.062642,-0.071049,"(0.014654, -0.000002, 0.778266)",LeftTrue_RightFalse
10.464355,0.112107,"(-2.8211474418640137, 1.1900136470794678, 6.415741920471191)","(350.0743103027344, 359.0267028808594, 1.591098666191101)","(-3.041069984436035, 0.7553120851516724, 6.38890266418457)","(0.04041767120361328, 29.997915267944336, 359.63909912109375)","(-2.44177508354187, -0.0044155847281217575, 6.120045185089111)","(359.9603271484375, 17.336097717285156, 359.6390380859375)",0.187925,-0.220734,"(1.222021, 0.000278, 4.764522)",LeftFalse_RightFalse,False,"(1.661154866218567, -0.0039433678612113, -9.731893539428711)","(359.9910583496094, 2.321355104446411, -0.004739768337458372)",0.062663,-0.08096,"(0.011300, -0.000002, 0.777914)",LeftTrue_RightFalse
10.573364,0.111486,"(-2.705676794052124, 1.190010905265808, 6.923197269439697)","(350.11322021484375, 357.7234191894531, 1.3135673999786377)","(-2.9266304969787598, 0.755319356918335, 6.887497425079346)","(0.045277681201696396, 28.097328186035156, 359.64227294921875)","(-2.318741798400879, -0.0043779644183814526, 6.63858699798584)","(359.96575927734375, 15.435505867004395, 359.64105224609375)",0.169133,-0.21875,"(1.033695, 0.000360, 4.750294)",LeftFalse_RightFalse,False,"(1.6620489358901978, -0.003943288698792458, -9.647125244140625)","(359.9910888671875, 2.213949680328369, 359.9939880371094)",0.062842,-0.090001,"(0.006824, 0.000001, 0.777481)",LeftTrue_RightFalse
10.687134,0.111951,"(-2.605897903442383, 1.1899923086166382, 7.450137615203857)","(350.2004699707031, 356.2789611816406, 1.0795923471450806)","(-2.825922966003418, 0.7552910447120667, 7.405977249145508)","(0.04894015192985535, 26.14495849609375, 359.6484375)","(-2.209855079650879, -0.004340074956417084, 7.177841663360596)","(359.970703125, 13.483133316040039, 359.6462707519531)",0.152219,-0.214508,"(0.881553, 0.000302, 4.727566)",LeftFalse_RightFalse,False,"(1.662528395652771, -0.003943268209695816, -9.558663368225098)","(359.9911193847656, 2.08986234664917, 359.99310302734375)",0.06275,-0.098983,"(0.002773, 0.000001, 0.777144)",LeftTrue_RightFalse
10.799927,0.112097,"(-2.523904323577881, 1.1899230480194092, 7.969098091125488)","(350.3841247558594, 354.9409484863281, 0.9592029452323914)","(-2.7442574501037598, 0.7552028298377991, 7.916037082672119)","(0.0509759783744812, 24.265758514404297, 359.6589050292969)","(-2.120924472808838, -0.004311495926231146, 7.7081451416015625)","(359.9749755859375, 11.603918075561523, 359.656005859375)",0.136997,-0.208954,"(0.707870, 0.000221, 4.688394)",LeftFalse_RightFalse,False,"(1.662476897239685, -0.00394323468208313, -9.471122741699219)","(359.9911193847656, 1.9529259204864502, 359.9923400878906)",0.062802,-0.107662,"(-0.001838, 0.000001, 0.776708)",LeftTrue_RightFalse
10.918091,0.113333,"(-2.456176280975342, 1.1898140907287598, 8.506373405456543)","(350.36444091796875, 353.7522277832031, 0.7436485290527344)","(-2.6766977310180664, 0.7550645470619202, 8.44686222076416)","(0.05162327364087105, 22.36267852783203, 359.67303466796875)","(-2.0466349124908447, -0.004289258271455765, 8.259706497192383)","(359.97869873046875, 9.70081901550293, 359.6696472167969)",0.123298,-0.203125,"(0.544849, 0.000165, 4.638420)",LeftFalse_RightFalse,False,"(1.6619065999984741, -0.0039431750774383545, -9.379283905029297)","(359.99114990234375, 1.7970341444015503, 359.99188232421875)",0.062771,-0.114791,"(-0.006486, 0.000000, 0.776270)",LeftTrue_RightFalse
11.028809,0.112791,"(-2.4085066318511963, 1.1896939277648926, 9.004541397094727)","(350.1366882324219, 352.79931640625, 0.5524240732192993)","(-2.6293060779571533, 0.7549075484275818, 8.938217163085938)","(0.0512055903673172, 20.65380096435547, 359.6881408691406)","(-1.9937525987625122, -0.004273180849850178, 8.769867897033691)","(359.9815979003906, 7.9919233322143555, 359.68450927734375)",0.110968,-0.197327,"(0.417999, 0.000141, 4.589327)",LeftFalse_RightFalse,False,"(1.6609091758728027, -0.003943236079066992, -9.293436050415039)","(359.99114990234375, 1.641274333000183, 359.99169921875)",0.062649,-0.123706,"(-0.010411, 0.000000, 0.775883)",LeftTrue_RightFalse
11.135498,0.111575,"(-2.3761849403381348, 1.18956458568573, 9.47834587097168)","(349.9196472167969, 352.0448303222656, 0.26400822401046753)","(-2.5971336364746094, 0.7547361850738525, 9.406696319580078)","(0.05015362426638603, 19.078533172607422, 359.7041931152344)","(-1.9569871425628662, -0.004260133020579815, 9.255825996398926)","(359.9841003417969, 6.4166388511657715, 359.70037841796875)",0.060198,-0.190888,"(0.275293, 0.000123, 4.522675)",LeftFalse_RightFalse,False,"(1.6594328880310059, -0.0039431750774383545, -9.21068000793457)","(359.9911804199219, 1.4788190126419067, 359.99114990234375)",0.181477,-0.131101,"(-0.015451, 0.000001, 0.775344)",LeftTrue_RightFalse
11.247192,0.1116,"(-2.3568315505981445, 1.1894264221191406, 9.967484474182129)","(350.09967041015625, 351.4803771972656, 359.954833984375)","(-2.576643466949463, 0.7545452117919922, 9.890084266662598)","(0.050079964101314545, 17.505367279052734, 359.72210693359375)","(-1.932369351387024, -0.0042462400160729885, 9.75677490234375)","(359.9879455566406, 4.843449115753174, 359.7178955078125)",-0.025183,-0.182282,"(0.166289, 0.000139, 4.449493)",LeftFalse_RightFalse,False,"(1.657326102256775, -0.003945949021726847, -9.122342109680176)","(359.98712158203125, 1.2938847541809082, 359.989990234375)",0.255143,-0.137846,"(-0.020973, -0.000052, 0.805172)",LeftTrue_RightFalse
11.361572,0.11215,"(-2.34808349609375, 1.1892355680465698, 10.45728588104248)","(350.304931640625, 350.6972351074219, 359.8573913574219)","(-2.56821608543396, 0.7543017864227295, 10.373698234558105)","(0.055300530046224594, 16.005109786987305, 359.74578857421875)","(-1.9203904867172241, -0.004225302487611771, 10.257149696350098)","(-0.0017676566494628787, 3.343170166015625, 359.7398376464844)",-0.109565,-0.171356,"(0.049329, 0.000235, 4.313652)",LeftFalse_RightFalse,False,"(1.654395341873169, -0.003956685774028301, -9.026625633239746)","(359.977783203125, 1.0795973539352417, 359.988037109375)",0.267937,-0.142711,"(-0.028315, -0.000122, 0.863234)",LeftTrue_RightFalse
11.471802,0.111781,"(-2.3500988483428955, 1.1900360584259033, 10.912781715393066)","(350.24468994140625, 349.86309814453125, 359.6739807128906)","(-2.5705151557922363, 0.7540223598480225, 10.823479652404785)","(0.06906447559595108, 14.68316650390625, 359.7746276855469)","(-1.9198498725891113, -0.0041910321451723576, 10.721635818481445)","(0.017982902005314827, 2.021197557449341, 359.76495361328125)",-0.268442,-0.15509,"(-0.048660, 0.000410, 4.097269)",LeftFalse_RightFalse,False,"(1.6508195400238037, -0.00397077202796936, -8.928162574768066)","(359.9690856933594, 0.8508365154266357, 359.9864807128906)",0.262002,-0.147571,"(-0.035988, -0.000122, 0.924311)",LeftTrue_RightFalse
11.58252,0.111574,"(-2.361164093017578, 1.1897281408309937, 11.343154907226562)","(350.2966003417969, 349.0816345214844, 359.5615234375)","(-2.5808963775634766, 0.7536576390266418, 11.248308181762695)","(0.097203828394413, 13.522321701049805, 359.814453125)","(-1.9278762340545654, -0.004132574889808893, 11.15918254852295)","(0.05416930839419365, 0.8603151440620422, 359.79766845703125)",-0.355083,-0.13269,"(-0.103768, 0.000681, 3.792688)",LeftFalse_RightFalse,False,"(1.6464054584503174, -0.003982730209827423, -8.823193550109863)","(359.96331787109375, 0.5994918346405029, 359.98504638671875)",0.278316,-0.146646,"(-0.043325, -0.000089, 0.972746)",LeftTrue_RightFalse
11.692993,0.111334,"(-2.376713514328003, 1.1893359422683716, 11.731574058532715)","(350.7740173339844, 348.6659240722656, 359.3124084472656)","(-2.5955803394317627, 0.753190279006958, 11.633051872253418)","(0.13628311455249786, 12.60011100769043, 359.8670654296875)","(-1.9406439065933228, -0.0040424298495054245, 11.553792953491211)","(0.10382870584726334, 359.93804931640625, 359.8404235839844)",-0.36957,-0.099182,"(-0.138805, 0.000920, 3.347472)",LeftFalse_RightFalse,False,"(1.6412220001220703, -0.003990723751485348, -8.712471008300781)","(359.9595947265625, 0.3326362669467926, 359.9844665527344)",0.266819,-0.152652,"(-0.051021, -0.000058, 1.035061)",LeftTrue_RightFalse
11.803467,0.111158,"(-2.391404867172241, 1.188924789428711, 12.077134132385254)","(350.5719299316406, 348.4495849609375, 359.2131042480469)","(-2.611480236053467, 0.7526718378067017, 11.975255012512207)","(0.16709670424461365, 11.929512023925781, 359.9241638183594)","(-1.9550071954727173, -0.00394153967499733, 11.903114318847656)","(0.1464073807001114, 359.2674255371094, 359.8893737792969)",-0.391337,-0.04953,"(-0.131928, 0.000881, 2.973260)",LeftFalse_RightFalse,False,"(1.6350303888320923, -0.0039957077242434025, -8.595564842224121)","(359.9576110839844, 0.04369334876537323, 359.9827575683594)",0.2799,-0.154735,"(-0.060408, -0.000034, 1.082823)",LeftTrue_RightFalse
11.916504,0.111543,"(-2.405289888381958, 1.1884989738464355, 12.384807586669922)","(350.4994812011719, 348.2509460449219, 359.11529541015625)","(-2.624281883239746, 0.75208580493927, 12.281292915344238)","(0.1849791556596756, 11.56200122833252, 359.9848327636719)","(-1.9666218757629395, -0.0038514018524438143, 12.212974548339844)","(0.17715483903884888, 358.8998718261719, 359.94464111328125)",-0.38871,0.009247,"(-0.093749, 0.000704, 2.513524)",LeftFalse_RightFalse,False,"(1.627536654472351, -0.003998601343482733, -8.469667434692383)","(359.9563903808594, 359.7251281738281, 359.9813537597656)",0.270761,-0.155798,"(-0.071443, -0.000021, 1.143268)",LeftTrue_RightFalse
12.024658,0.110875,"(-2.410637378692627, 1.1881613731384277, 12.635294914245605)","(350.84942626953125, 348.6952819824219, 358.8821716308594)","(-2.6314425468444824, 0.7516012787818909, 12.531800270080566)","(0.19248299300670624, 11.478673934936523, 0.03352773189544678)","(-1.973073959350586, -0.0037849172949790955, 12.464216232299805)","(0.19515104591846466, 358.8165283203125, 359.9905090332031)",-0.32206,0.039276,"(-0.044674, 0.000528, 2.139918)",LeftFalse_RightFalse,False,"(1.6192786693572998, -0.004000605084002018, -8.343358039855957)","(359.955810546875, 359.4030456542969, 359.9803161621094)",0.279784,-0.150295,"(-0.080838, -0.000017, 1.190378)",LeftTrue_RightFalse
12.134033,0.110572,"(-2.411660671234131, 1.1880059242248535, 12.850234985351562)","(350.729736328125, 349.0514221191406, 358.8110656738281)","(-2.6340525150299072, 0.7513524889945984, 12.746335983276367)","(0.18843209743499756, 11.565213203430176, 0.05841364711523056)","(-1.9754546880722046, -0.0037429428193718195, 12.67774486541748)","(0.19665370881557465, 358.903076171875, 0.015688491985201836)",-0.354145,0.046936,"(-0.012348, 0.000235, 1.766165)",LeftFalse_RightFalse,False,"(1.6099990606307983, -0.004002395085990429, -8.209964752197266)","(359.955322265625, 359.07110595703125, 359.9805908203125)",0.267132,-0.152358,"(-0.090219, -0.000017, 1.248999)",LeftTrue_RightFalse
12.240234,0.109697,"(-2.4093470573425293, 1.189089059829712, 13.022575378417969)","(350.2052001953125, 349.5162048339844, 358.3198547363281)","(-2.6345858573913574, 0.7513418197631836, 12.918482780456543)","(0.18453174829483032, 11.680416107177734, 0.06060430407524109)","(-1.9760887622833252, -0.003723968518897891, 12.848611831665039)","(0.1933283656835556, 359.0182800292969, 0.018680844455957413)",-0.338163,0.048096,"(-0.001617, 0.000142, 1.436799)",LeftFalse_RightFalse,False,"(1.599847435951233, -0.004004126414656639, -8.075080871582031)","(359.95526123046875, 358.73553466796875, 359.9794006347656)",0.276249,-0.16081,"(-0.101145, -0.000013, 1.293256)",LeftTrue_RightFalse
12.351074,0.109913,"(-2.4075684547424316, 1.189151644706726, 13.1641263961792)","(350.2662353515625, 349.66741943359375, 358.001220703125)","(-2.6343302726745605, 0.7514236569404602, 13.059680938720703)","(0.18280300498008728, 11.785670280456543, 0.054449573159217834)","(-1.9760373830795288, -0.0037110017146915197, 12.988639831542969)","(0.19029255211353302, 359.12353515625, 0.01305473130196333)",-0.222611,0.051666,"(0.002448, 0.000095, 1.066040)",LeftFalse_RightFalse,False,"(1.58760666847229, -0.004005512688308954, -7.929032325744629)","(359.955322265625, 358.3561706542969, 359.97589111328125)",0.269067,-0.170992,"(-0.119040, -0.000014, 1.347597)",LeftTrue_RightFalse
12.461182,0.109956,"(-2.4057161808013916, 1.1892430782318115, 13.270976066589355)","(350.80810546875, 350.1636657714844, 357.9267883300781)","(-2.633772611618042, 0.7515108585357666, 13.16720962524414)","(0.16966979205608368, 11.870715141296387, 0.0456974022090435)","(-1.975663185119629, -0.0037095332518219948, 13.095383644104004)","(0.17556026577949524, 359.2085876464844, 0.007394261192530394)",-0.186073,0.057922,"(0.004453, -0.000089, 0.858939)",LeftFalse_RightFalse,False,"(1.5734736919403076, -0.00400695763528347, -7.778468608856201)","(359.9554443359375, 357.943359375, 359.9718017578125)",0.282401,-0.167923,"(-0.136765, -0.000013, 1.389700)",LeftTrue_RightFalse
12.568848,0.109501,"(-2.4048163890838623, 1.1893284320831299, 13.353432655334473)","(350.754150390625, 350.1961975097656, 357.8844299316406)","(-2.6330339908599854, 0.7515655755996704, 13.250150680541992)","(0.14587800204753876, 11.94413948059082, 0.03686858341097832)","(-1.975066065788269, -0.0037292088381946087, 13.177812576293945)","(0.15041184425354004, 359.28204345703125, 0.003995368257164955)",-0.212697,0.06427,"(0.006009, -0.000238, 0.687061)",LeftFalse_RightFalse,False,"(1.557982087135315, -0.004008785355836153, -7.626104354858398)","(359.9551086425781, 357.5209655761719, 359.9707946777344)",0.287772,-0.175344,"(-0.149979, -0.000020, 1.435440)",LeftTrue_RightFalse
12.678101,0.109458,"(-2.405115842819214, 1.1893845796585083, 13.41455078125)","(350.3284606933594, 349.9902648925781, 357.8977966308594)","(-2.6322317123413086, 0.7515988349914551, 13.312471389770508)","(0.12844620645046234, 12.005901336669922, 0.03004985861480236)","(-1.9743824005126953, -0.003754433011636138, 13.239666938781738)","(0.1319093108177185, 359.34381103515625, 0.001163551933132112)",-0.290629,0.066498,"(0.005753, -0.000189, 0.459780)",LeftFalse_RightFalse,False,"(1.5401803255081177, -0.0040115006268024445, -7.466048717498779)","(359.954345703125, 357.06365966796875, 359.9679260253906)",0.272455,-0.170033,"(-0.172394, -0.000029, 1.489973)",LeftTrue_RightFalse
12.785767,0.109087,"(-2.4044594764709473, 1.1894043684005737, 13.450133323669434)","(350.0273132324219, 350.02056884765625, 357.82080078125)","(-2.63167667388916, 0.7516324520111084, 13.34821891784668)","(0.12883682548999786, 12.046889305114746, 0.026386134326457977)","(-1.9739277362823486, -0.0037633683532476425, 13.274949073791504)","(0.13148733973503113, 359.3847961425781, -0.0024966977071017027)",-0.344489,0.066498,"(0.002823, 0.000026, 0.197179)",LeftFalse_RightFalse,False,"(1.520925521850586, -0.004014518111944199, -7.303373336791992)","(359.95404052734375, 356.6037902832031, 359.9680480957031)",0.280143,-0.159085,"(-0.185865, -0.000025, 1.531427)",LeftTrue_RightFalse
12.896606,0.109438,"(-2.405261754989624, 1.1894176006317139, 13.452895164489746)","(350.1279602050781, 350.01690673828125, 357.9234313964844)","(-2.630474805831909, 0.7516746520996094, 13.350665092468262)","(0.13855040073394775, 12.099925994873047, 0.025510605424642563)","(-1.972832202911377, -0.0037423190660774708, 13.276663780212402)","(0.1407727748155594, 359.4378356933594, -0.005480167455971241)",-0.346545,0.066528,"(0.000071, -0.000002, -0.000780)",LeftFalse_RightFalse,False,"(1.499709129333496, -0.004016813822090626, -7.130645751953125)","(359.9538269042969, 356.142578125, 359.97052001953125)",0.271245,-0.159384,"(-0.199638, -0.000022, 1.583089)",LeftTrue_RightFalse
13.006836,0.109599,"(-2.4063470363616943, 1.189528465270996, 13.452367782592773)","(350.42626953125, 349.876953125, 357.9644775390625)","(-2.6304688453674316, 0.7517096400260925, 13.350241661071777)","(0.09538431465625763, 12.099899291992188, 0.015564227476716042)","(-1.9728353023529053, -0.003772116033360362, 13.276823997497559)","(0.0964762270450592, 359.43780517578125, -0.0057225883938372135)",-0.332526,0.071899,"(-0.000027, -0.000460, -0.001078)",LeftFalse_RightFalse,False,"(1.4767615795135498, -0.004019005224108696, -6.953895092010498)","(359.9539794921875, 355.6783752441406, 359.9697265625)",0.28344,-0.151859,"(-0.216107, -0.000017, 1.621964)",LeftTrue_RightFalse
13.116699,0.109657,"(-2.4049577713012695, 1.1895842552185059, 13.451349258422852)","(350.5603332519531, 349.4351806640625, 358.4085998535156)","(-2.630484104156494, 0.7516852021217346, 13.349843978881836)","(0.054461248219013214, 12.099873542785645, 0.00842814426869154)","(-1.9728293418884277, -0.0038312110118567944, 13.276973724365234)","(0.0549841970205307, 359.43780517578125, -0.0037147554103285074)",-0.32229,0.07428,"(-0.000032, -0.000531, -0.000781)",LeftFalse_RightFalse,False,"(1.4521524906158447, -0.004021178465336561, -6.7727580070495605)","(359.9537353515625, 355.2185363769531, 359.969970703125)",0.273267,-0.133211,"(-0.233122, -0.000022, 1.672252)",LeftTrue_RightFalse
13.224243,0.109242,"(-2.402153730392456, 1.1907497644424438, 13.45248794555664)","(349.7220764160156, 349.3296813964844, 358.16748046875)","(-2.6304962635040283, 0.7516543865203857, 13.349586486816406)","(0.02799098566174507, 12.099858283996582, 0.0040787761099636555)","(-1.9728243350982666, -0.0038810838013887405, 13.277070045471191)","(0.028204308822751045, 359.4377746582031, -0.0021560536697506905)",-0.323789,0.07428,"(-0.000022, -0.000384, -0.000485)",LeftFalse_RightFalse,False,"(1.4269310235977173, -0.004023611079901457, -6.590634822845459)","(359.9534912109375, 354.79705810546875, 359.9739074707031)",0.281194,-0.141299,"(-0.239479, -0.000022, 1.712098)",LeftTrue_RightFalse
13.331055,0.108742,"(-2.398954153060913, 1.1907588243484497, 13.452790260314941)","(349.9302673339844, 349.18353271484375, 358.0774841308594)","(-2.6305036544799805, 0.7516335248947144, 13.349442481994629)","(0.013198954053223133, 12.09985065460205, 0.0017355706077069044)","(-1.9728211164474487, -0.003911604639142752, 13.27712345123291)","(0.013258391059935093, 359.4377746582031, -0.0011998534901067615)",-0.317204,0.07431,"(-0.000012, -0.000187, -0.000236)",LeftFalse_RightFalse,False,"(1.399994969367981, -0.004025909584015608, -6.405523300170898)","(359.9533996582031, 354.3716735839844, 359.97100830078125)",0.271325,-0.134901,"(-0.264319, -0.000021, 1.758150)",LeftTrue_RightFalse
13.44043,0.108886,"(-2.3989622592926025, 1.1907641887664795, 13.452659606933594)","(350.1730651855469, 349.384765625, 357.3179016113281)","(-2.6305081844329834, 0.7516232132911682, 13.349370002746582)","(0.0056737205013632774, 12.099847793579102, 0.0006143436767160892)","(-1.9728193283081055, -0.003925907425582409, 13.277151107788086)","(0.005670399405062199, 359.4377746582031, -0.0006442785379476845)",-0.306516,0.074493,"(-0.000007, -0.000073, -0.000116)",LeftFalse_RightFalse,False,"(1.3703782558441162, -0.0040282621048390865, -6.211209297180176)","(359.95343017578125, 353.9303894042969, 359.9698181152344)",0.283119,-0.141317,"(-0.278825, -0.000019, 1.794388)",LeftTrue_RightFalse
13.549072,0.108831,"(-2.400489568710327, 1.1883528232574463, 13.451571464538574)","(351.4719543457031, 348.3709716796875, 356.9916687011719)","(-2.6305108070373535, 0.7516204714775085, 13.34933853149414)","(0.0023503145202994347, 12.099845886230469, 0.00017588897026143968)","(-1.9728182554244995, -0.003929817117750645, 13.2771635055542)","(0.0023317094892263412, 359.4377746582031, -0.0003435782855376601)",-0.299674,0.078247,"(-0.000004, -0.000012, -0.000052)",LeftFalse_RightFalse,False,"(1.3386698961257935, -0.004030395299196243, -6.014134883880615)","(359.953369140625, 353.47650146484375, 359.9661560058594)",0.29106,-0.146917,"(-0.301548, -0.000022, 1.831407)",LeftTrue_RightFalse
13.659302,0.109111,"(-2.402127504348755, 1.1873563528060913, 13.449502944946289)","(351.7121887207031, 347.57476806640625, 356.6883239746094)","(-2.630512237548828, 0.7516212463378906, 13.349325180053711)","(0.001051597180776298, 12.099844932556152, 4.9119869800051674e-05)","(-1.9728176593780518, -0.003928949125111103, 13.277167320251465)","(0.0010367892682552338, 359.4377746582031, -0.0001825851359171793)",-0.280806,0.080536,"(-0.000002, 0.000016, -0.000016)",LeftFalse_RightFalse,False,"(1.3035792112350464, -0.004033111035823822, -5.809528350830078)","(359.95269775390625, 352.9839782714844, 359.9615173339844)",0.278698,-0.136663,"(-0.330801, -0.000030, 1.877210)",LeftTrue_RightFalse
13.765259,0.108477,"(-2.406430721282959, 1.1873589754104614, 13.445856094360352)","(351.62933349609375, 346.91650390625, 356.5401611328125)","(-2.6305127143859863, 0.7516228556632996, 13.349323272705078)","(0.0006481630844064057, 12.099844932556152, 4.537152562988922e-05)","(-1.972817301750183, -0.00392693467438221, 13.277170181274414)","(0.0006423451704904437, 359.4377746582031, -9.7809468570631e-05)",-0.277724,0.080536,"(-0.000001, 0.000020, -0.000005)",LeftFalse_RightFalse,False,"(1.2677936553955078, -0.004036316182464361, -5.608614921569824)","(359.9522705078125, 352.5158996582031, 359.9626770019531)",0.283393,-0.144893,"(-0.345994, -0.000029, 1.913344)",LeftTrue_RightFalse
13.870483,0.107821,"(-2.4096226692199707, 1.1873608827590942, 13.442017555236816)","(351.4256896972656, 346.1387634277344, 356.3176574707031)","(-2.6305129528045654, 0.751624345779419, 13.349322319030762)","(0.0005659802700392902, 12.099844932556152, 7.356513378908858e-05)","(-1.9728169441223145, -0.003925011493265629, 13.277170181274414)","(0.0005683410563506186, 359.4377746582031, -5.228702866588719e-05)",-0.278521,0.080536,"(-0.000001, 0.000017, 0.000000)",LeftFalse_RightFalse,False,"(1.2297008037567139, -0.004038795828819275, -5.405282497406006)","(359.95220947265625, 352.03460693359375, 359.9596862792969)",0.272942,-0.132637,"(-0.377152, -0.000023, 1.954117)",LeftTrue_RightFalse
13.980713,0.1083,"(-2.413546085357666, 1.1885126829147339, 13.44001579284668)","(351.27056884765625, 345.5365295410156, 356.83819580078125)","(-2.6305131912231445, 0.751625657081604, 13.349322319030762)","(0.0005853741313330829, 12.099844932556152, 0.00010338107676943764)","(-1.9728167057037354, -0.0039233737625181675, 13.277170181274414)","(0.0005937988753430545, 359.4377746582031, -2.744735866144765e-05)",-0.279238,0.080536,"(0.000000, 0.000013, 0.000001)",LeftFalse_RightFalse,False,"(1.1875070333480835, -0.004041100852191448, -5.1881818771362305)","(359.9523620605469, 351.5366516113281, 359.9613342285156)",0.284805,-0.140673,"(-0.391893, -0.000018, 1.987267)",LeftTrue_RightFalse
14.08606,0.107718,"(-2.414879322052002, 1.1885135173797607, 13.439204216003418)","(351.0722351074219, 345.263427734375, 357.0048828125)","(-2.6305131912231445, 0.7516264319419861, 13.349323272705078)","(0.0006214716122485697, 12.099844932556152, 0.00012423848966136575)","(-1.9728167057037354, -0.003922429401427507, 13.277170181274414)","(0.0006335903890430927, 359.4377746582031, -1.500977850810159e-05)",-0.279883,0.080536,"(0.000000, 0.000007, 0.000001)",LeftFalse_RightFalse,False,"(1.144577145576477, -0.004043013788759708, -4.976924896240234)","(359.9524230957031, 351.0506591796875, 359.9587097167969)",0.290395,-0.148126,"(-0.419333, -0.000021, 2.019745)",LeftTrue_RightFalse
14.196289,0.108212,"(-2.415910482406616, 1.1885137557983398, 13.43942642211914)","(350.93768310546875, 345.0917663574219, 357.1274108886719)","(-2.6305134296417236, 0.75162672996521, 13.349323272705078)","(0.0006507181678898633, 12.099844932556152, 0.00013844801287632436)","(-1.9728167057037354, -0.003921966068446636, 13.277170181274414)","(0.0006652405136264861, 359.4377746582031, -7.556676337117096e-06)",-0.280464,0.080536,"(0.000000, 0.000003, 0.000001)",LeftFalse_RightFalse,False,"(1.096207857131958, -0.004045753739774227, -4.7521820068359375)","(359.9519958496094, 350.5045166015625, 359.9533386230469)",0.280534,-0.134107,"(-0.455145, -0.000028, 2.058990)",LeftTrue_RightFalse
14.311157,0.109538,"(-2.41701340675354, 1.1885138750076294, 13.439661979675293)","(351.0467224121094, 344.71075439453125, 356.9213562011719)","(-2.6305134296417236, 0.7516269087791443, 13.349322319030762)","(0.0006685442058369517, 12.099844932556152, 0.00014560345152858645)","(-1.9728167057037354, -0.003921774681657553, 13.277169227600098)","(0.0006842015427537262, 359.4377746582031, -4.482751592149725e-06)",-0.280986,0.080536,"(0.000000, 0.000002, 0.000000)",LeftFalse_RightFalse,False,"(1.0430617332458496, -0.0040488955564796925, -4.513647079467773)","(359.95159912109375, 349.94793701171875, 359.9558410644531)",0.277659,-0.146091,"(-0.476270, -0.000025, 2.098032)",LeftTrue_RightFalse
14.41626,0.108667,"(-2.4193222522735596, 1.188513994216919, 13.440157890319824)","(351.40203857421875, 344.0762634277344, 356.94146728515625)","(-2.6305136680603027, 0.7516269683837891, 13.349323272705078)","(0.0006765908328816295, 12.099844932556152, 0.00015021717990748584)","(-1.972816824913025, -0.003921627998352051, 13.277170181274414)","(0.0006930637173354626, 359.4377746582031, -1.7450257701057126e-06)",-0.281457,0.080536,"(0.000000, 0.000001, 0.000000)",LeftFalse_RightFalse,False,"(0.9913159012794495, -0.004051337484270334, -4.291762351989746)","(359.95184326171875, 349.4239501953125, 359.95233154296875)",0.286582,-0.129131,"(-0.508942, -0.000018, 2.124423)",LeftTrue_RightFalse
14.522583,0.108198,"(-2.419539451599121, 1.188513994216919, 13.439144134521484)","(351.013671875, 343.837646484375, 356.7674560546875)","(-2.6305134296417236, 0.7516269683837891, 13.349323272705078)","(0.0006801767158322036, 12.099844932556152, 0.0001528353604953736)","(-1.9728167057037354, -0.003921627998352051, 13.277170181274414)","(0.0006971363909542561, 359.4377746582031, 2.342923544063069e-08)",-0.28188,0.080536,"(0.000000, 0.000000, 0.000000)",LeftFalse_RightFalse,False,"(0.9365096092224121, -0.004053482785820961, -4.064076900482178)","(359.95166015625, 348.904541015625, 359.9549255371094)",0.290757,-0.160133,"(-0.525283, -0.000025, 2.157735)",LeftTrue_RightFalse
